"Feature.ID","row.m.z","row.retention.time","peaks","ADULT_1","ADULT_2","Adult_ave","NEONATE_1","NEONATE_2","Neonate_ave","Overall_ave","fold_change","X","match","pname","pval","proteoform"
"641.329:18.5",641.3290405,18.47654167,4,6.6e+08,6.9e+08,6.8e+08,2.4e+09,2.4e+09,2.4e+09,1.5e+09,"-1.8",NA,"","","",""
"8672.7719:26.3",8672.771851,26.28429167,4,1.3e+09,1e+09,1.2e+09,1.3e+09,3.5e+08,8.3e+08,9.9e+08,"0.5",NA,"ADULT_red_2_369","pdb|2H7Z|B Chain B, Crystal Structure Of Irditoxin","3.46e-34",".QAKGPPYTLC(FEC)[-16.01507]NRETCSNCFKDNRCPPYHRTCYTLYRPDGNGEMKWAVKGCAKTCPTAQPGESVQCCNTPKCNDY."
"8203.6607:32.2",8203.66074,32.23258333,2,5.4e+08,3.9e+08,4.7e+08,1.8e+09,5e+08,1.2e+09,8.1e+08,"-1.3",NA,"NEONATE_red_1_484","JAG68975.1 Three-finger toxin 8d [Boiga irregularis]_JAG68977.1 Three-finger toxin 8b [Boiga irregularis]_JAS04612.1 Three-finger toxin 8d [Boiga irregularis]_JAS04614.1 Three-finger toxin 8b [Boiga irregularis]","1.12e-25","G.(QAVGL)[-17.02597]PFTLCFECNRMTSSDCSTASRCYRGSCYTLYKRDGNGGEKWAVKGCAKTCPTAGPNERVKCCRSPRCNDD."
"8247.6268:26.9",8247.626831,26.94704167,4,8.5e+08,9.1e+08,8.8e+08,3.4e+08,3.2e+08,3.3e+08,6.1e+08,"1.4",NA,"ADULT_red_2_441","pdb|2H7Z|A Chain A, Crystal Structure Of Irditoxin","1.15e-23",".QAVGPPYTLCFECNRMTSSD(CSTA)[-143.04802]LRCYRGSCYTLYRPDENCELKWAVKGCAETCPTAGPNERVKCCRSPRCNDD."
"8374.6587:33.9",8374.658691,33.878,2,1.1e+09,4.1e+08,7.6e+08,4.4e+08,1.1e+08,2.8e+08,5.2e+08,"1.5",NA,"NEONATE_red_1_581","pdb|2H7Z|A Chain A, Crystal Structure Of Irditoxin","7.94e-28",".(QA)[-16.01291]VGPPYTLCFECNRMTSSDCSTALRCYRGSCYTLYRPDENCELKWAVKGCAETCPTAGPNERVKCCRSPRCNDD."
"698.3505:16.7",698.3504562,16.6773625,4,1.4e+08,1.4e+08,1.4e+08,6.6e+08,6.6e+08,6.6e+08,4e+08,"-2.2",NA,"","","",""
"883.4306:15.6",883.4305954,15.57839167,4,1.9e+08,1.9e+08,1.9e+08,5.9e+08,5.8e+08,5.9e+08,3.9e+08,"-1.6",NA,"","","",""
"9983.5149:24.9",9983.514925,24.948,2,6.4e+08,2.3e+08,4.4e+08,2.5e+08,3.2e+08,2.9e+08,3.6e+08,"0.6",NA,"ADULT_red_2_254","ANN23939.1 three finger toxin 3 [Boiga irregularis]","1.32e-29","N.(QQGR)[-17.01876]GRKPPLDLHSRYCFQCTPENRLYKCPQANRCTGMKTMCYTLYKRDENGEEKWAVKGCDYSCPTAGPDERLKCCYYNKCNEY."
"785.3714:17.4",785.3714066,17.38983333,4,3.4e+08,3.6e+08,3.5e+08,1.7e+08,1.6e+08,1.7e+08,2.6e+08,"1.1",NA,"","","",""
"671.2919:20.5",671.2918549,20.54466667,4,2.8e+08,2.9e+08,2.9e+08,1.8e+08,1.9e+08,1.9e+08,2.4e+08,"0.6",NA,"","","",""
"8204.6653:32.5",8204.665283,32.51891667,2,1.5e+08,1.8e+08,1.7e+08,4e+08,2e+08,3e+08,2.3e+08,"-0.9",NA,"NEONATE_red_1_489","JAG68975.1 Three-finger toxin 8d [Boiga irregularis]_JAG68977.1 Three-finger toxin 8b [Boiga irregularis]_JAS04612.1 Three-finger toxin 8d [Boiga irregularis]_JAS04614.1 Three-finger toxin 8b [Boiga irregularis]","1.95e-22","Q.(AVG)[112.12140]LPFTLCFECNRMTSSDCSTASRCYRGSCYTLYKRDGNGGEKWAVKGCAKTCPTAGPNERVKCCRSPRCNDD."
"9977.5667:23.6",9977.56665,23.60395833,4,6.2e+08,1.9e+08,4.1e+08,8.1e+07,6e+05,4.1e+07,2.2e+08,"3.3",NA,"NEONATE_red_2_143","ANN23940.1 three finger toxin 4 [Boiga irregularis]","1.21e-28","N.QQGRG(RKPPL)[-17.00561]DLHSRYCFQCTPENRLDKCPQAKRCTGMRTMCYTLYKRDENGEEKWAVKGCDYSCPTAGPDERLKCCYYNKCNEY."
"348.1336:1.5",348.1336174,1.484470833,4,2.8e+08,2.9e+08,2.9e+08,510000,2.8e+08,1.4e+08,2.1e+08,"1.0",NA,"","","",""
"9978.5491:24.2",9978.549093,24.190625,2,4.1e+08,2.8e+08,3.5e+08,4500000,5300000,4900000,1.7e+08,"6.1",NA,"ADULT_red_1_181","ANN23940.1 three finger toxin 4 [Boiga irregularis]","6.11e-20","N.QQGRG(RKPPLD)[-16.00534]LHSRYCFQCTPENRLDKCPQAKRCTGMRTMCYTLYKRDENGEEKWAVKGCDYSCPTAGPDERLKCCYYNKCNEY."
"8248.6329:27.4",8248.632935,27.38975,4,2.2e+08,2.4e+08,2.3e+08,6.8e+07,6.5e+07,6.7e+07,1.5e+08,"1.8",NA,"ADULT_red_1_376","JAG68981.1 Three-finger toxin 7b [Boiga irregularis]_JAS04618.1 Three-finger toxin 7b [Boiga irregularis]","1.81e-19","V.GRPFTLCFECNRMTSSDCSTASR(CYRGSCYTLYKLDERLG)[155.02699]EKWAVKGCAETCPTAGPNERVKCCRSPRCNDD."
"9977.5279:24.1",9977.527941,24.140375,2,1.4e+08,3.6e+07,8.8e+07,2.3e+08,1.3e+08,1.8e+08,1.3e+08,"-1.0",NA,"NEONATE_red_2_143","ANN23940.1 three finger toxin 4 [Boiga irregularis]","1.21e-28","N.QQGRG(RKPPL)[-17.00561]DLHSRYCFQCTPENRLDKCPQAKRCTGMRTMCYTLYKRDENGEEKWAVKGCDYSCPTAGPDERLKCCYYNKCNEY."
"10114.6037:24.6",10114.60367,24.60695833,2,1.1e+08,1.5e+08,1.3e+08,1.6e+08,1.1e+08,1.4e+08,1.3e+08,"-0.1",NA,"NEONATE_red_1_171","ANN23939.1 three finger toxin 3 [Boiga irregularis]","5.9e-41","A.NQQGRGRKPPLDLHSRYCFQCTPENRLYKCPQANRCTGMKTMCYTLYKRDENGEEKWAVKGCDYSCPTAGPDERLKCCYYNKCNEY."
"2200.9614:40.1",2200.961426,40.07183333,4,2.2e+07,3.3e+07,2.8e+07,2.2e+08,2.3e+08,2.3e+08,1.3e+08,"-3.0",NA,"ADULT_red_1_537","pdb|2H7Z|A Chain A, Crystal Structure Of Irditoxin","5.45e-13",".(QA)[-17.02430]VGPPYTLCFECNRMTSSD.C"
"453.259:6.3",453.2590027,6.33295,4,1.5e+08,1.5e+08,1.5e+08,8.3e+07,8.3e+07,8.3e+07,1.2e+08,"0.9",NA,"","","",""
"455.2494:4.2",455.2494011,4.238416667,4,8.7e+07,8.8e+07,8.8e+07,1.2e+08,1.1e+08,1.2e+08,1e+08,"-0.4",NA,"","","",""
"10108.624:23.4",10108.62404,23.35091667,2,1.7e+08,2.3e+07,9.7e+07,1.4e+08,6.7e+07,1e+08,1e+08,"-0.1",NA,"ADULT_red_1_125","ANN23940.1 three finger toxin 4 [Boiga irregularis]","4.06e-36","A.NQQGRGRKPPLDLHSRYCFQCTPENRLDKCPQAKRCTGMRTMCYTLYKRDENGEEKWAVKGCDYSCPTAGPDERLKCCYYNKCNEY."
"913.4297:16",913.4297028,15.99411667,4,7.2e+07,6.9e+07,7.1e+07,1.3e+08,1.2e+08,1.3e+08,9.8e+07,"-0.8",NA,"","","",""
"9828.4709:26",9828.47095,25.95454167,2,1.3e+08,6.7e+07,9.9e+07,8.1e+07,1.1e+08,9.6e+07,9.7e+07,"0.0",NA,"ADULT_red_2_315","ANN23941.1 three finger toxin 5 [Boiga irregularis]","2.14e-41","G.S(ANQQGRGR)[-289.13073]KPPLDLHSTYCFQCTPENHWYKCPRAEKCTGIANKCYTLYKRDGNGEEKWAVKGCAYTCPTAGPDERVKCCFYNRCNEY."
"10107.6396:23.2",10107.63956,23.22270833,2,2.4e+08,4.2e+07,1.4e+08,4.8e+07,5.7e+07,5.3e+07,9.7e+07,"1.4",NA,"NEONATE_red_2_88","ANN23938.1 three finger toxin 1 [Boiga irregularis]","4.96e-36","A.NQQGRGRKPPLDLHSRYCFQCTPENRLDKCPQAKRCTGMRTMCYTLYKRDENGEEKWAVKGCDYSCPTAGPDERLKCCYYNKCNKY."
"8260.6591:33.9",8260.659071,33.85966667,2,440000,0,220000,2.2e+08,1.6e+08,1.9e+08,9.5e+07,"-9.8",NA,"NEONATE_red_1_563","JAG69004.1 Three-finger toxin 2e [Boiga irregularis]_JAS04641.1 Three-finger toxin 2e [Boiga irregularis]","1.73e-16","G.QAVGLPFTLCFECNRMTSSDCSTASRC(YRGSCYTLYRPDENCE)[-103.97257]LKWAVKGCAETCPTAGPNERVKCCRSPRCNDD."
"6020.699:15.4",6020.699036,15.371125,4,6100000,1.6e+07,1.1e+07,1.4e+08,1.6e+08,1.5e+08,8.1e+07,"-3.8",NA,"NEONATE_red_2_25","JAG68975.1 Three-finger toxin 8d [Boiga irregularis]_JAG68977.1 Three-finger toxin 8b [Boiga irregularis]_JAS04612.1 Three-finger toxin 8d [Boiga irregularis]_JAS04614.1 Three-finger toxin 8b [Boiga irregularis]","1.88e-28","D.CSTASRCYRGSCYTLYKRDGNGGEKWAVKGCAKTCPTAGPNERVKCCRSPRCNDD."
"384.1085:1.2",384.1085052,1.241404167,4,9.8e+07,7900000,5.3e+07,8.7e+07,1e+08,9.4e+07,7.3e+07,"-0.8",NA,"","","",""
"469.2537:15.7",469.2536774,15.7146125,4,3.8e+07,3.5e+07,3.7e+07,9.8e+07,1.1e+08,1e+08,7e+07,"-1.5",NA,"","","",""
"8671.7645:25.9",8671.764526,25.93425,2,2.2e+08,3.1e+07,1.3e+08,1.9e+07,1e+07,1.5e+07,7e+07,"3.1",NA,"ADULT_red_2_343","pdb|2H7Z|B Chain B, Crystal Structure Of Irditoxin","1.56e-35",".(QA)[-17.01463]KGPPYTLCFECNRETCSNCFKDNRCPPYHRTCYTLYRPDGNGEMKWAVKGCAKTCPTAQPGESVQCCNTPKCNDY."
"9984.5378:25",9984.537781,25.04904167,2,5.9e+07,8.8e+07,7.4e+07,1e+08,1.8e+07,5.9e+07,6.6e+07,"0.3",NA,"NEONATE_red_2_232","ANN23939.1 three finger toxin 3 [Boiga irregularis]","6.64e-22","N.QQGRGRKPPL(D)[-16.01673]LHSRYCFQCTPENRLYKCPQANRCTGMKTMCYTLYKRDENGEEKWAVKGCDYSCPTAGPDERLKCCYYNKCNEY."
"693.2739:20.5",693.2739487,20.53808333,4,8.8e+07,6.2e+07,7.5e+07,4.6e+07,5.5e+07,5.1e+07,6.3e+07,"0.6",NA,"","","",""
"434.2075:37.4",434.2074509,37.359625,4,5.8e+07,5.6e+07,5.7e+07,5.7e+07,6.2e+07,6e+07,5.8e+07,"-0.1",NA,"","","",""
"2200.9243:31",2200.924286,31.00683333,4,6.4e+07,7.6e+07,7e+07,2.9e+07,4.9e+07,3.9e+07,5.5e+07,"0.8",NA,"ADULT_red_1_537","pdb|2H7Z|A Chain A, Crystal Structure Of Irditoxin","5.45e-13",".(QA)[-17.02430]VGPPYTLCFECNRMTSSD.C"
"8373.6617:33.5",8373.661743,33.481625,4,2.9e+07,6.7e+07,4.8e+07,1.1e+08,7500000,5.9e+07,5.3e+07,"-0.3",NA,"ADULT_red_2_720","pdb|2H7Z|A Chain A, Crystal Structure Of Irditoxin","2.45e-31",".(QA)[-17.01755]VGPPYTLCFECNRMTSSDCSTALRCYRGSCYTLYRPDENCELKWAVKGCAETCPTAGPNERVKCCRSPRCNDD."
"452.2181:37.4",452.2180519,37.364375,4,4e+07,4.9e+07,4.5e+07,6.6e+07,4.9e+07,5.8e+07,5.1e+07,"-0.4",NA,"","","",""
"8275.7227:31.1",8275.722656,31.06133333,2,0,0,0,5.2e+07,1.5e+08,1e+08,5.1e+07,"#ZAHL!",NA,"NEONATE_red_1_457","JAG68975.1 Three-finger toxin 8d [Boiga irregularis]_JAG68977.1 Three-finger toxin 8b [Boiga irregularis]_JAS04612.1 Three-finger toxin 8d [Boiga irregularis]_JAS04614.1 Three-finger toxin 8b [Boiga irregularis]","1.73e-16","G.QAVGLPFTLCFECNRMTSSDC(STASRCYRGSCYTLYKRDGN)[55.08783]GGEKWAVKGCAKTCPTAGPNERVKCCRSPRCNDD."
"9960.5469:25.8",9960.546946,25.79545833,2,2.2e+07,1e+08,6.1e+07,5900000,5.3e+07,2.9e+07,4.5e+07,"1.1",NA,"ADULT_red_1_281","ANN23941.1 three finger toxin 5 [Boiga irregularis]","2.47e-37","A.NQQGRGRKPPLDLHSTYCFQCTPENH(WYKCPRAEKCTGIAN)[1.00881]KCYTLYKRDGNGEEKWAVKGCAYTCPTAGPDERVKCCFYNRCNEY."
"9856.4605:25",9856.460504,25.04958333,2,1e+08,1.6e+07,5.8e+07,3.8e+07,2.3e+07,3.1e+07,4.4e+07,"0.9",NA,"NEONATE_red_1_202","ANN23939.1 three finger toxin 3 [Boiga irregularis]","1.04e-18","A.NQQGRGRKPPLDLHSRYCFQCTPENRLYKCPQANRCTG(MKTMCYTLYKRD)[-258.10846]ENGEEKWAVKGCDYSCPTAGPDERLKCCYYNKCNEY."
"709.2389:20.5",709.2389145,20.54741667,4,5.8e+07,4.1e+07,5e+07,3.8e+07,3.2e+07,3.5e+07,4.2e+07,"0.5",NA,"","","",""
"474.2:37.4",474.199955,37.35729167,4,4.2e+07,3.1e+07,3.7e+07,5.2e+07,3.8e+07,4.5e+07,4.1e+07,"-0.3",NA,"","","",""
"6190.7415:24.4",6190.741516,24.40495833,4,2.2e+07,5.8e+07,4e+07,3.8e+07,3.3e+07,3.6e+07,3.8e+07,"0.2",NA,"ADULT_red_1_175","ABC17853.1 irditoxin subunit A precursor [Boiga irregularis]_sp|A0S864.1|3NBA_BOIIR RecName: Full=Irditoxin subunit A; Short=IrTxA; Flags: Precursor","1.55e-32","D.CSTALRCYRGSCYTLYRPDENCELKWAVKGCAETCPTAGPNERVKCCRSPRCNDD."
"4414.9423:37.1",4414.942322,37.0955,4,1.2e+07,1.3e+07,1.3e+07,3.1e+07,9.4e+07,6.3e+07,3.8e+07,"-2.3",NA,"NEONATE_red_2_722","JAG68973.1 Three-finger toxin 8f [Boiga irregularis]_JAS04610.1 Three-finger toxin 8f [Boiga irregularis]","3.93e-13","G.(QA)[-17.02397]VGLPFTLCFECNRMTSSDCSTASRCYRGSCYTLYKRD.G"
"680.3401:15.6",680.3401184,15.56162083,4,2.5e+07,3.4e+07,3e+07,2.2e+07,6.6e+07,4.4e+07,3.7e+07,"-0.6",NA,"","","",""
"2243.9779:30.9",2243.977907,30.93116667,2,5.9e+07,5.9e+07,5.9e+07,4500000,1.4e+07,9300000,3.4e+07,"2.7",NA,"NEONATE_red_2_461","JAG68981.1 Three-finger toxin 7b [Boiga irregularis]_JAS04618.1 Three-finger toxin 7b [Boiga irregularis]","2.49e-10","W.(GQGQAV)[-259.12352]GRPFTLCFECNRMTSSD.C"
"491.2356:15.7",491.2356071,15.72162083,4,1.4e+07,1.3e+07,1.4e+07,5.3e+07,2.5e+07,3.9e+07,2.6e+07,"-1.5",NA,"","","",""
"8672.7726:27.4",8672.772588,27.378,2,8e+06,2.6e+07,1.7e+07,4.8e+07,2.1e+07,3.5e+07,2.6e+07,"-1.0",NA,"ADULT_red_2_369","pdb|2H7Z|B Chain B, Crystal Structure Of Irditoxin","3.46e-34",".QAKGPPYTLC(FEC)[-16.01507]NRETCSNCFKDNRCPPYHRTCYTLYRPDGNGEMKWAVKGCAKTCPTAQPGESVQCCNTPKCNDY."
"8374.6633:34.4",8374.66333,34.42679167,4,4.5e+07,1.7e+07,3.1e+07,2.5e+07,1.4e+07,2e+07,2.5e+07,"0.7",NA,"NEONATE_red_1_581","pdb|2H7Z|A Chain A, Crystal Structure Of Irditoxin","7.94e-28",".(QA)[-16.01291]VGPPYTLCFECNRMTSSDCSTALRCYRGSCYTLYRPDENCELKWAVKGCAETCPTAGPNERVKCCRSPRCNDD."
"5845.4581:36.9",5845.45813,36.90829167,4,2.1e+07,1.9e+07,2e+07,1.7e+07,4.4e+07,3.1e+07,2.5e+07,"-0.6",NA,"NEONATE_red_1_683","JAG68957.1 Cysteine-rich secretory protein 1c [Boiga irregularis]_JAS04594.1 Cysteine-rich secretory protein 1c [Boiga irregularis]","4.59e-37","D.CPSACDNGLCTNPCLYKDTFTNCKSLVEQSNCQDDWIRENCPATCFCHTEII."
"5672.6347:27.5",5672.634705,27.522375,4,3.5e+07,3.7e+07,3.6e+07,9e+06,1.9e+07,1.4e+07,2.5e+07,"1.4",NA,"NEONATE_red_2_382","JAG68922.1 Metalloproteinase (type III) 4b [Boiga irregularis]_JAS04559.1 Metalloproteinase type III 4b [Boiga irregularis]","4.13e-10","C.(GRLYCKTENAMTCLRRLVSDSPDY)[21.97820]GMVEPGTKCGDGKVCINRHCVNVQTAY."
"685.2932:18.5",685.2932112,18.48566667,2,2700000,920000,1800000,5.6e+07,3.9e+07,4.8e+07,2.5e+07,"-4.7",NA,"","","",""
"6021.6529:16.8",6021.652928,16.77791667,2,3.4e+07,4.3e+07,3.9e+07,5900000,1.3e+07,9500000,2.4e+07,"2.0",NA,"ADULT_red_1_17","JAG68975.1 Three-finger toxin 8d [Boiga irregularis]_JAG68977.1 Three-finger toxin 8b [Boiga irregularis]_JAS04612.1 Three-finger toxin 8d [Boiga irregularis]_JAS04614.1 Three-finger toxin 8b [Boiga irregularis]","1.06e-21","D.CSTASRCYRGSCYTLYKRDGNGGEKWAVK(GCAK)[0.95530]TCPTAGPNERVKCCRSPRCNDD."
"1686.7498:21.9",1686.749802,21.91916667,4,2e+07,1.8e+07,1.9e+07,2.5e+07,2.6e+07,2.6e+07,2.2e+07,"-0.4",NA,"NEONATE_red_1_56","JAG67016.1 peroxisomal multifunctional enzyme type 2 [Boiga irregularis]","8.72e-06","V.LWLCHERCQENSGL.F"
"663.311:18.5",663.3110046,18.48591667,4,1.5e+07,7700000,1.1e+07,2.6e+07,3.6e+07,3.1e+07,2.1e+07,"-1.4",NA,"","","",""
"9700.4205:26",9700.420532,25.9545,4,3.3e+07,1.9e+07,2.6e+07,6e+06,2.5e+07,1.6e+07,2.1e+07,"0.7",NA,"ADULT_red_2_314","ANN23941.1 three finger toxin 5 [Boiga irregularis]","2.24e-34","A.(NQQGRGR)[-259.12370]KPPLDLHSTYCFQCTPENHWYKCPRAEKCTGIANKCYTLYKRDGNGEEKWAVKGCAYTCPTAGPDERVKCCFYNRCNEY."
"623.3182:16.7",623.3182449,16.68670833,4,3500000,1.2e+07,7800000,4.1e+07,2.1e+07,3.1e+07,1.9e+07,"-2.0",NA,"","","",""
"543.2331:22.2",543.2330933,22.23045833,4,2.8e+07,3e+07,2.9e+07,8300000,9500000,8900000,1.9e+07,"1.7",NA,"","","",""
"2222.9423:40.1",2222.942322,40.07183333,4,3800000,2200000,3e+06,2.7e+07,4.2e+07,3.5e+07,1.9e+07,"-3.5",NA,"ADULT_red_2_585","pdb|2H7Z|A Chain A, Crystal Structure Of Irditoxin","0.000860454",".QAVGPPYTL(C)[4.95616]FECNRMTSSD.C"
"8204.6716:33.3",8204.671606,33.30095833,2,9700000,6800000,8300000,3.5e+07,2.1e+07,2.8e+07,1.8e+07,"-1.8",NA,"NEONATE_red_1_489","JAG68975.1 Three-finger toxin 8d [Boiga irregularis]_JAG68977.1 Three-finger toxin 8b [Boiga irregularis]_JAS04612.1 Three-finger toxin 8d [Boiga irregularis]_JAS04614.1 Three-finger toxin 8b [Boiga irregularis]","1.95e-22","Q.(AVG)[112.12140]LPFTLCFECNRMTSSDCSTASRCYRGSCYTLYKRDGNGGEKWAVKGCAKTCPTAGPNERVKCCRSPRCNDD."
"905.4126:15.6",905.4125595,15.57359583,4,1.1e+07,1e+07,1.1e+07,6e+06,4.4e+07,2.5e+07,1.8e+07,"-1.3",NA,"","","",""
"8411.5875:34",8411.587541,33.97204167,2,9900000,2.4e+07,1.7e+07,1.1e+07,2.6e+07,1.9e+07,1.8e+07,"-0.1",NA,"NEONATE_red_2_593","pdb|2H7Z|A Chain A, Crystal Structure Of Irditoxin","2.4e-08",".QAVGPPYTLCFECNRMTSSDCSTALRCYRGSCYTLYRPDENCELKW(AV)[20.96873]KGCAETCPTAGPNERVKCCRSPRCNDD."
"623.3185:15.6",623.318512,15.64022917,4,4e+06,4900000,4500000,2.6e+07,3.5e+07,3.1e+07,1.7e+07,"-2.8",NA,"","","",""
"398.2282:6",398.228157,6.007008333,4,660000,6700000,3700000,3.1e+07,2.9e+07,3e+07,1.7e+07,"-3.0",NA,"","","",""
"2366.0153:25",2366.015289,24.975375,4,9800000,3.3e+07,2.1e+07,1.1e+07,1.3e+07,1.2e+07,1.7e+07,"0.8",NA,"ADULT_red_2_252","ANN23939.1 three finger toxin 3 [Boiga irregularis]","8.63e-16","C.PTAGPDERLKCCYYNKCNEY."
"446.192:56.7",446.1920013,56.65195833,4,2.1e+07,1.2e+07,1.7e+07,2e+07,9500000,1.5e+07,1.6e+07,"0.2",NA,"","","",""
"3806.722:12.6",3806.721985,12.61654167,4,2400000,2100000,2300000,2.8e+07,2.9e+07,2.9e+07,1.5e+07,"-3.7",NA,"NEONATE_red_2_7","JAG68975.1 Three-finger toxin 8d [Boiga irregularis]_JAG68977.1 Three-finger toxin 8b [Boiga irregularis]_JAS04612.1 Three-finger toxin 8d [Boiga irregularis]_JAS04614.1 Three-finger toxin 8b [Boiga irregularis]","2.96e-19","D.GNGGEKWAVKGCAKTCPTAGPNERVKCCRSPRCNDD."
"625.2714:6.1",625.2713547,6.139458333,4,2.6e+07,2.2e+07,2.4e+07,1200000,1.2e+07,6600000,1.5e+07,"1.9",NA,"","","",""
"543.254:7.7",543.2540207,7.710783333,4,1.9e+07,2.4e+07,2.2e+07,5e+06,1.2e+07,8500000,1.5e+07,"1.3",NA,"","","",""
"8203.639:26.9",8203.638997,26.9155,2,290000,0,150000,1.1e+07,4.6e+07,2.9e+07,1.4e+07,"-7.6",NA,"NEONATE_red_1_484","JAG68975.1 Three-finger toxin 8d [Boiga irregularis]_JAG68977.1 Three-finger toxin 8b [Boiga irregularis]_JAS04612.1 Three-finger toxin 8d [Boiga irregularis]_JAS04614.1 Three-finger toxin 8b [Boiga irregularis]","1.12e-25","G.(QAVGL)[-17.02597]PFTLCFECNRMTSSDCSTASRCYRGSCYTLYKRDGNGGEKWAVKGCAKTCPTAGPNERVKCCRSPRCNDD."
"398.2438:56.2",398.243782,56.23483333,4,1.6e+07,6900000,1.1e+07,1.7e+07,1.6e+07,1.7e+07,1.4e+07,"-0.5",NA,"","","",""
"1074.4138:15",1074.413788,15.00079583,4,2.3e+07,4800000,1.4e+07,9100000,1.7e+07,1.3e+07,1.3e+07,"0.1",NA,"","","",""
"736.2974:16.7",736.2973785,16.66564583,4,3400000,4e+06,3700000,2.4e+07,2.2e+07,2.3e+07,1.3e+07,"-2.6",NA,"","","",""
"582.1241:1.4",582.1241302,1.430295833,4,1.4e+07,1.4e+07,1.4e+07,5900000,1.7e+07,1.1e+07,1.3e+07,"0.3",NA,"","","",""
"7752.4154:32.3",7752.415415,32.33329167,2,4200000,1.1e+07,7600000,2.7e+07,8500000,1.8e+07,1.3e+07,"-1.2",NA,"NEONATE_red_1_486","JAG68975.1 Three-finger toxin 8d [Boiga irregularis]_JAG68977.1 Three-finger toxin 8b [Boiga irregularis]_JAS04612.1 Three-finger toxin 8d [Boiga irregularis]_JAS04614.1 Three-finger toxin 8b [Boiga irregularis]","4.38e-22","L.PFTLCFECNRMTSSDCSTASRCYRGSCYTLYKRDGNGGEKWAVKGCAKTCPTAGPNERVKCCRSPRCNDD."
"8373.6569:34.6",8373.656901,34.63945833,2,8e+06,1.4e+07,1.1e+07,2.1e+07,7600000,1.4e+07,1.3e+07,"-0.4",NA,"ADULT_red_2_720","pdb|2H7Z|A Chain A, Crystal Structure Of Irditoxin","2.45e-31",".(QA)[-17.01755]VGPPYTLCFECNRMTSSDCSTALRCYRGSCYTLYRPDENCELKWAVKGCAETCPTAGPNERVKCCRSPRCNDD."
"8710.7064:26.5",8710.706421,26.54066667,4,6300000,3.2e+07,1.9e+07,1400000,9300000,5400000,1.2e+07,"1.8",NA,"ADULT_red_1_310","ABC17854.1 irditoxin subunit B precursor [Boiga irregularis]_sp|A0S865.1|3NBB_BOIIR RecName: Full=Irditoxin subunit B; Short=IrTxB; Flags: Precursor","1.68e-15","G.PPYTLCFECNRETCSNCFKDNRCPPYHRTCYTLYRPDGNGEMKWAVKG(CAKTCPTAQ)[406.15149]PGESVQCCNTPKCNDY."
"568.2176:17.8",568.2175598,17.75495833,4,1.5e+07,1.6e+07,1.6e+07,8900000,9100000,9e+06,1.2e+07,"0.8",NA,"","","",""
"9850.4712:24.2",9850.471151,24.1795,2,9e+06,7900000,8500000,2.3e+07,8200000,1.6e+07,1.2e+07,"-0.9",NA,"ADULT_red_1_151","ANN23940.1 three finger toxin 4 [Boiga irregularis]","3.63e-18","Q.QGRGRKPPLDLHSRYCF(Q)[-16.00071]CTPENRLDKCPQAKRCTGMRTMCYTLYKRDENGEEKWAVKGCDYSCPTAGPDERLKCCYYNKCNEY."
"9983.5399:25.4",9983.539917,25.407625,2,3e+07,2600000,1.6e+07,4400000,1e+07,7200000,1.2e+07,"1.2",NA,"ADULT_red_2_254","ANN23939.1 three finger toxin 3 [Boiga irregularis]","1.32e-29","N.(QQGR)[-17.01876]GRKPPLDLHSRYCFQCTPENRLYKCPQANRCTGMKTMCYTLYKRDENGEEKWAVKGCDYSCPTAGPDERLKCCYYNKCNEY."
"4872.1324:26.6",4872.132446,26.64541667,4,1.9e+07,1.2e+07,1.6e+07,2400000,1.3e+07,7700000,1.2e+07,"1.0",NA,"ADULT_red_1_331","pdb|2H7Z|B Chain B, Crystal Structure Of Irditoxin","2.44e-25",".(QA)[-17.02535]KGPPYTLCFECNRETCSNCFKDNRCPPYHRTCYTLYRPD.G"
"8203.6576:33.5",8203.657633,33.49620833,2,1700000,3400000,2600000,2.6e+07,1.5e+07,2.1e+07,1.2e+07,"-3.0",NA,"NEONATE_red_1_484","JAG68975.1 Three-finger toxin 8d [Boiga irregularis]_JAG68977.1 Three-finger toxin 8b [Boiga irregularis]_JAS04612.1 Three-finger toxin 8d [Boiga irregularis]_JAS04614.1 Three-finger toxin 8b [Boiga irregularis]","1.12e-25","G.(QAVGL)[-17.02597]PFTLCFECNRMTSSDCSTASRCYRGSCYTLYKRDGNGGEKWAVKGCAKTCPTAGPNERVKCCRSPRCNDD."
"434.2075:36.2",434.2074738,36.167875,4,1e+07,1.6e+07,1.3e+07,1.1e+07,8400000,9700000,1.1e+07,"0.4",NA,"","","",""
"892.1611:1.1",892.1610692,1.078220833,2,1.7e+07,6e+06,1.2e+07,1.5e+07,7300000,1.1e+07,1.1e+07,"0.0",NA,"","","",""
"362.1494:2.6",362.1494408,2.560179167,4,1.1e+07,1.6e+07,1.4e+07,2100000,1.6e+07,9100000,1.1e+07,"0.6",NA,"","","",""
"615.1703:48.4",615.1703186,48.36675,2,0,0,0,2e+07,2.4e+07,2.2e+07,1.1e+07,"#ZAHL!",NA,"","","",""
"8230.6212:27",8230.621216,26.99408333,2,1.5e+07,2.4e+07,2e+07,1800000,2800000,2300000,1.1e+07,"3.1",NA,"","","",""
"4457.96:29.4",4457.960012,29.423875,2,2.1e+07,1.4e+07,1.8e+07,6800000,1500000,4200000,1.1e+07,"2.1",NA,"ADULT_red_1_476","JAG68978.1 Three-finger toxin 8a [Boiga irregularis]_JAS04615.1 Three-finger toxin 8a [Boiga irregularis]","3.05e-16","W.(GQGQAVGL)[-216.10932]PFTLCFECNRMTSSDCSTASRCYRGSCYTLYKRD.G"
"1476.7967:24.9",1476.796733,24.85166667,2,1100000,4100000,2600000,1.9e+07,1.9e+07,1.9e+07,1.1e+07,"-2.9",NA,"","","",""
"8616.7231:28.8",8616.723145,28.77191667,2,0,0,0,3.3e+07,8800000,2.1e+07,1e+07,"#ZAHL!",NA,"","","",""
"8204.6471:27.3",8204.647135,27.29311111,2,0,250000,130000,1.6e+07,2.5e+07,2.1e+07,1e+07,"-7.4",NA,"NEONATE_red_1_489","JAG68975.1 Three-finger toxin 8d [Boiga irregularis]_JAG68977.1 Three-finger toxin 8b [Boiga irregularis]_JAS04612.1 Three-finger toxin 8d [Boiga irregularis]_JAS04614.1 Three-finger toxin 8b [Boiga irregularis]","1.95e-22","Q.(AVG)[112.12140]LPFTLCFECNRMTSSDCSTASRCYRGSCYTLYKRDGNGGEKWAVKGCAKTCPTAGPNERVKCCRSPRCNDD."
"8220.66419999999:30.4",8220.664185,30.37879167,2,170000,170000,170000,3.1e+07,7700000,1.9e+07,9800000,"-6.8",NA,"NEONATE_red_2_444","JAG68975.1 Three-finger toxin 8d [Boiga irregularis]_JAG68977.1 Three-finger toxin 8b [Boiga irregularis]_JAS04612.1 Three-finger toxin 8d [Boiga irregularis]_JAS04614.1 Three-finger toxin 8b [Boiga irregularis]","1.07e-16","G.QAVGLPFTLCFECNRMTSSDCSTASRCYRGSCYTLYKRDGNGGEKWAVKGCAKTCPTAGPNERVKCCRSPRCNDD."
"437.2388:16.7",437.2388306,16.66564583,4,2e+06,2e+06,2e+06,1.9e+07,1.6e+07,1.8e+07,9800000,"-3.1",NA,"","","",""
"679.2759:18.5",679.2759399,18.53408333,4,6100000,9100000,7600000,9200000,1.4e+07,1.2e+07,9600000,"-0.6",NA,"","","",""
"436.1866:48.7",436.1866188,48.698875,4,1.1e+07,7700000,9400000,1.4e+07,5600000,9800000,9600000,"-0.1",NA,"","","",""
"720.3323:16.7",720.3322584,16.67737083,2,6200000,5500000,5900000,9200000,1.7e+07,1.3e+07,9500000,"-1.2",NA,"","","",""
"562.0389:2.9",562.038887,2.946491667,4,1.4e+07,1.3e+07,1.4e+07,1300000,9100000,5200000,9400000,"1.4",NA,"","","",""
"6021.6986:15.9",6021.698618,15.90062917,2,430000,760000,6e+05,1.9e+07,1.6e+07,1.8e+07,9e+06,"-4.9",NA,"ADULT_red_1_17","JAG68975.1 Three-finger toxin 8d [Boiga irregularis]_JAG68977.1 Three-finger toxin 8b [Boiga irregularis]_JAS04612.1 Three-finger toxin 8d [Boiga irregularis]_JAS04614.1 Three-finger toxin 8b [Boiga irregularis]","1.06e-21","D.CSTASRCYRGSCYTLYKRDGNGGEKWAVK(GCAK)[0.95530]TCPTAGPNERVKCCRSPRCNDD."
"420.2257:56.2",420.225666,56.20441667,4,9500000,1.1e+07,1e+07,9900000,5400000,7700000,9e+06,"0.4",NA,"","","",""
"8833.8043:26.2",8833.804272,26.23766667,2,5500000,3200000,4400000,1.8e+07,9e+06,1.4e+07,8900000,"-1.6",NA,"NEONATE_red_2_321","ABC17854.1 irditoxin subunit B precursor [Boiga irregularis]_sp|A0S865.1|3NBB_BOIIR RecName: Full=Irditoxin subunit B; Short=IrTxB; Flags: Precursor","6.76e-14","Q.AKGPPYTLCFECNRETCSNCFKDNR(CPPYHRTCYTLYRPDGNGEMKWAVK)[273.10742]GCAKTCPTAQPGESVQCCNTPKCNDY."
"8204.6707:34.1",8204.670679,34.144875,2,850000,2400000,1600000,1.8e+07,1.4e+07,1.6e+07,8800000,"-3.3",NA,"NEONATE_red_1_489","JAG68975.1 Three-finger toxin 8d [Boiga irregularis]_JAG68977.1 Three-finger toxin 8b [Boiga irregularis]_JAS04612.1 Three-finger toxin 8d [Boiga irregularis]_JAS04614.1 Three-finger toxin 8b [Boiga irregularis]","1.95e-22","Q.(AVG)[112.12140]LPFTLCFECNRMTSSDCSTASRCYRGSCYTLYKRDGNGGEKWAVKGCAKTCPTAGPNERVKCCRSPRCNDD."
"1234.6963:27.4",1234.696259,27.37329167,2,1800000,1200000,1500000,1.6e+07,1.6e+07,1.6e+07,8800000,"-3.4",NA,"","","",""
"8654.739:26.2",8654.739014,26.22779167,2,1.5e+07,1.3e+07,1.4e+07,1900000,4900000,3400000,8700000,"2.0",NA,"","","",""
"921.3773:15.6",921.3773117,15.60229167,4,1200000,3200000,2200000,5e+06,2.5e+07,1.5e+07,8600000,"-2.8",NA,"","","",""
"2238.9083:40.1",2238.908328,40.07179167,2,250000,2600000,1400000,1.5e+07,1.6e+07,1.6e+07,8500000,"-3.4",NA,"","","",""
"8203.6557:30.4",8203.655713,30.44933333,2,570000,490000,530000,2.3e+07,8600000,1.6e+07,8200000,"-4.9",NA,"NEONATE_red_1_484","JAG68975.1 Three-finger toxin 8d [Boiga irregularis]_JAG68977.1 Three-finger toxin 8b [Boiga irregularis]_JAS04612.1 Three-finger toxin 8d [Boiga irregularis]_JAS04614.1 Three-finger toxin 8b [Boiga irregularis]","1.12e-25","G.(QAVGL)[-17.02597]PFTLCFECNRMTSSDCSTASRCYRGSCYTLYKRDGNGGEKWAVKGCAKTCPTAGPNERVKCCRSPRCNDD."
"8412.6066:34",8412.606567,34.04545833,4,1.3e+07,870000,6900000,1.6e+07,2e+06,9e+06,8e+06,"-0.4",NA,"ADULT_red_2_718","pdb|2H7Z|A Chain A, Crystal Structure Of Irditoxin","2.15e-07",".QAVGPPYTLCF(ECNRMTSSDCSTALRCYRGSCYTLYRPDENCELKWAV)[21.95983]KGCAETCPTAGPNERVKCCRSPRCNDD."
"1818.8034:18.8",1818.803421,18.75725,4,6500000,6500000,6500000,8800000,8800000,8800000,7700000,"-0.4",NA,"NEONATE_red_1_44","JAG68312.1 COP9 signalosome complex subunit 5 [Boiga irregularis]","8.54e-06","I.GWYHSHPGYGCWLSGI.D"
"1370.6578:18.8",1370.657761,18.8355,4,5100000,5e+06,5100000,9200000,1.1e+07,1e+07,7600000,"-1.0",NA,"NEONATE_red_1_43","JAG68922.1 Metalloproteinase (type III) 4b [Boiga irregularis]_JAS04559.1 Metalloproteinase type III 4b [Boiga irregularis]","2.04e-06","P.DGTEITISPPVQD.H"
"490.165:37.4",490.1649704,37.423,4,5800000,6700000,6300000,1.5e+07,2800000,8900000,7600000,"-0.5",NA,"","","",""
"927.3951:15.6",927.395052,15.56160833,2,2900000,1300000,2100000,1.3e+07,1.3e+07,1.3e+07,7600000,"-2.6",NA,"","","",""
"8242.6066:32.4",8242.606604,32.4175,2,4100000,5e+06,4600000,1700000,1.9e+07,1e+07,7500000,"-1.2",NA,"NEONATE_red_1_516","JAG68295.1 cysteine-rich with EGF-like domain protein 1 [Boiga irregularis]","8.35e-06","H.QLLEQSEDHVEHWWFHEQQPHPDFFQWLCMDTLKLCCPSGTYGPDCQTCPGGTEKPCSRYGQCDGEGTRGGTG.L"
"554.0405:1.2",554.0404663,1.203208333,4,8900000,6100000,7500000,9700000,5e+06,7400000,7400000,"0.0",NA,"","","",""
"697.3668:15.6",697.3667595,15.6062625,2,3400000,4100000,3800000,1.2e+07,9700000,1.1e+07,7300000,"-1.5",NA,"","","",""
"8834.8204:26.3",8834.820374,26.26508333,2,1200000,1500000,1400000,2e+06,2.4e+07,1.3e+07,7200000,"-3.3",NA,"NEONATE_red_1_286","pdb|2H7Z|B Chain B, Crystal Structure Of Irditoxin","3.63e-12",".(QAKGPPYTLCFECNRETCSNCFKD)[146.06197]NRCPPYHRTCYTLYRPDGNGEMKWAVKGCAKTCPTAQPGESVQCCNTPKCNDY."
"302.0522:1.4",302.0522118,1.4225375,4,6600000,1.5e+07,1.1e+07,5200000,1800000,3500000,7200000,"1.6",NA,"","","",""
"823.3181:17.4",823.3181,17.37579167,4,1e+07,7900000,9e+06,5100000,5300000,5200000,7100000,"0.8",NA,"","","",""
"524.0788:1.5",524.0788299,1.5308125,2,7800000,7200000,7500000,8300000,5e+06,6700000,7100000,"0.2",NA,"","","",""
"700.2635:36.9",700.2635193,36.88095833,4,6800000,5700000,6300000,1.5e+07,580000,7800000,7e+06,"-0.3",NA,"","","",""
"2366.0144:24",2366.014364,24.02191667,2,5300000,5300000,5300000,1.2e+07,4800000,8400000,6900000,"-0.7",NA,"ADULT_red_2_252","ANN23939.1 three finger toxin 3 [Boiga irregularis]","8.63e-16","C.PTAGPDERLKCCYYNKCNEY."
"8229.6238:26.9",8229.623779,26.91983333,2,6700000,7900000,7300000,4600000,8100000,6400000,6800000,"0.2",NA,"","","",""
"2364.0112:25.7",2364.011169,25.70508333,4,1.3e+07,7100000,1e+07,3600000,3600000,3600000,6800000,"1.5",NA,"","","",""
"3817.6459:19.1",3817.645905,19.084125,4,8500000,1e+07,9300000,3400000,5100000,4300000,6800000,"1.1",NA,"ADULT_red_1_28","ABC17854.1 irditoxin subunit B precursor [Boiga irregularis]_sp|A0S865.1|3NBB_BOIIR RecName: Full=Irditoxin subunit B; Short=IrTxB; Flags: Precursor","4.13e-27","D.GNGEMKWAVKGCAKTCPTAQPGESVQCCNTPKCNDY."
"586.0304:1.1",586.0304159,1.051072222,2,8500000,7500000,8e+06,0,1.1e+07,5500000,6800000,"0.5",NA,"","","",""
"8285.5754:26.9",8285.575439,26.926875,2,1e+07,1.3e+07,1.2e+07,1300000,980000,1100000,6300000,"3.3",NA,"","","",""
"742.314:16.7",742.3140361,16.6985,2,1400000,380000,890000,9100000,1.4e+07,1.2e+07,6200000,"-3.7",NA,"","","",""
"2238.8716:31",2238.871621,31.02541667,2,1e+07,8800000,9400000,1300000,4200000,2800000,6100000,"1.8",NA,"","","",""
"8203.6638:35.4",8203.663818,35.41733333,4,830000,6e+05,720000,6700000,1.6e+07,1.1e+07,6e+06,"-4.0",NA,"NEONATE_red_1_484","JAG68975.1 Three-finger toxin 8d [Boiga irregularis]_JAG68977.1 Three-finger toxin 8b [Boiga irregularis]_JAS04612.1 Three-finger toxin 8d [Boiga irregularis]_JAS04614.1 Three-finger toxin 8b [Boiga irregularis]","1.12e-25","G.(QAVGL)[-17.02597]PFTLCFECNRMTSSDCSTASRCYRGSCYTLYKRDGNGGEKWAVKGCAKTCPTAGPNERVKCCRSPRCNDD."
"2018.8869:26.9",2018.886871,26.94725,4,3200000,1.3e+07,8100000,1600000,6300000,4e+06,6e+06,"1.0",NA,"","","",""
"2216.9576:35.8",2216.957581,35.8045,2,0,0,0,8900000,1.5e+07,1.2e+07,6e+06,"#ZAHL!",NA,"NEONATE_red_2_672","pdb|2H7Z|A Chain A, Crystal Structure Of Irditoxin","5.63e-08",".(QAVGP)[-0.99036]PYTLCFECNRMTSSD.C"
"8248.6348:27.9",8248.634753,27.94508333,2,1.5e+07,3500000,9300000,2400000,2800000,2600000,5900000,"1.8",NA,"ADULT_red_1_376","JAG68981.1 Three-finger toxin 7b [Boiga irregularis]_JAS04618.1 Three-finger toxin 7b [Boiga irregularis]","1.81e-19","V.GRPFTLCFECNRMTSSDCSTASR(CYRGSCYTLYKLDERLG)[155.02699]EKWAVKGCAETCPTAGPNERVKCCRSPRCNDD."
"539.0712:1.2",539.0712051,1.212129167,4,3900000,2700000,3300000,9100000,7600000,8400000,5800000,"-1.3",NA,"","","",""
"8655.7459:26.4",8655.745931,26.35108333,2,5700000,8400000,7100000,970000,8e+06,4500000,5800000,"0.7",NA,"","","",""
"8373.6696:35.7",8373.669556,35.74845833,4,8500000,6600000,7600000,4600000,3300000,4e+06,5800000,"0.9",NA,"ADULT_red_2_720","pdb|2H7Z|A Chain A, Crystal Structure Of Irditoxin","2.45e-31",".(QA)[-17.01755]VGPPYTLCFECNRMTSSDCSTALRCYRGSCYTLYRPDENCELKWAVKGCAETCPTAGPNERVKCCRSPRCNDD."
"534.2961:40.8",534.2961349,40.81766667,4,8400000,5400000,6900000,5300000,3900000,4600000,5800000,"0.6",NA,"","","",""
"1233.6596:5.2",1233.659559,5.174033333,2,1e+07,8500000,9300000,2300000,1900000,2100000,5700000,"2.1",NA,"","","",""
"8203.6604:39.4",8203.66037,39.44604167,2,7e+05,230000,470000,2700000,1.9e+07,1.1e+07,5700000,"-4.5",NA,"NEONATE_red_1_484","JAG68975.1 Three-finger toxin 8d [Boiga irregularis]_JAG68977.1 Three-finger toxin 8b [Boiga irregularis]_JAS04612.1 Three-finger toxin 8d [Boiga irregularis]_JAS04614.1 Three-finger toxin 8b [Boiga irregularis]","1.12e-25","G.(QAVGL)[-17.02597]PFTLCFECNRMTSSDCSTASRCYRGSCYTLYKRDGNGGEKWAVKGCAKTCPTAGPNERVKCCRSPRCNDD."
"866.4043:15.6",866.404274,15.58057917,4,1600000,1600000,1600000,6400000,1.3e+07,9700000,5700000,"-2.6",NA,"","","",""
"398.1241:2.2",398.1240883,2.221933333,4,9400000,2900000,6200000,910000,9300000,5100000,5600000,"0.3",NA,"","","",""
"554.2699:2.2",554.2699187,2.1960625,2,3600000,4200000,3900000,8300000,6400000,7400000,5600000,"-0.9",NA,"","","",""
"1781.7999:7.7",1781.799896,7.7384,4,6700000,7e+06,6900000,4400000,4300000,4400000,5600000,"0.7",NA,"ADULT_red_2_0","JAG68922.1 Metalloproteinase (type III) 4b [Boiga irregularis]_JAS04559.1 Metalloproteinase type III 4b [Boiga irregularis]","3.54e-07","A.ENVEKEDETTKTCGVT.Q"
"941.3493:8",941.3493195,8.007758333,4,3900000,4500000,4200000,7900000,6100000,7e+06,5600000,"-0.7",NA,"NEONATE_red_2_1","JAG68922.1 Metalloproteinase (type III) 4b [Boiga irregularis]_JAS04559.1 Metalloproteinase type III 4b [Boiga irregularis]","5.83e-07","D.HCYYHGY.V"
"539.0711:1.9",539.0710678,1.890154167,4,2200000,4e+06,3100000,7700000,8500000,8100000,5600000,"-1.4",NA,"","","",""
"507.2006:15.8",507.2005768,15.76190833,4,1100000,2600000,1900000,9200000,9400000,9300000,5600000,"-2.3",NA,"","","",""
"480.0342:1.2",480.034153,1.2055625,4,2900000,4800000,3900000,1.3e+07,1400000,7200000,5500000,"-0.9",NA,"","","",""
"653.2813:20.6",653.2813339,20.56866667,4,5600000,5100000,5400000,4300000,7e+06,5700000,5500000,"-0.1",NA,"","","",""
"3807.6718:14.7",3807.671783,14.66758333,4,8800000,9100000,9e+06,2e+06,1900000,2e+06,5500000,"2.2",NA,"ADULT_red_1_5","JAG68982.1 Three-finger toxin 7a [Boiga irregularis]_JAS04619.1 Three-finger toxin 7a [Boiga irregularis]","9.33e-13","R.L(GEK)[115.00552]WAVKGCAETCPTAGPNERVKCCRSPRCNDD."
"715.256:20.5",715.2560043,20.53970833,4,4200000,8e+06,6100000,2800000,6300000,4600000,5300000,"0.4",NA,"","","",""
"544.0846:2",544.0845795,1.9631625,4,8600000,6400000,7500000,4600000,1700000,3200000,5300000,"1.3",NA,"","","",""
"513.2177:15.7",513.2177213,15.71833333,2,410000,940000,680000,5800000,1.4e+07,9900000,5300000,"-3.9",NA,"","","",""
"9525.3098:24.1",9525.309774,24.12370833,2,3800000,240000,2e+06,1e+07,7100000,8600000,5300000,"-2.1",NA,"NEONATE_red_1_147","ANN23940.1 three finger toxin 4 [Boiga irregularis]","5.05e-19","R.GRKPPLDLHSRYCFQCTPENRLDKCPQAKRCTGMRTMCYTLYKRDENGEEKWAVKGCDYSCPTAGPDERLKCCYYNKCNEY."
"565.2363:7.7",565.2362671,7.697408333,4,3100000,8e+06,5600000,6500000,2700000,4600000,5100000,"0.3",NA,"","","",""
"788.1283:1.2",788.1282959,1.244104167,4,3300000,2300000,2800000,3300000,1.1e+07,7200000,5e+06,"-1.4",NA,"","","",""
"8276.7225:31.2",8276.722514,31.23729167,2,150000,160000,160000,1.5e+07,4200000,9600000,4900000,"-6.0",NA,"NEONATE_red_1_450","JAG68976.1 Three-finger toxin 8c [Boiga irregularis]_JAS04613.1 Three-finger toxin 8c [Boiga irregularis]","2.1e-15","G.QAVGLPFTLCFECNRMTSSDCSTASRCYRGSCYTLYKRDGNGGEKW(A)[56.07946]VKGCAKTCPTAGPNERVKCCRSPRCNDD."
"14856.5863:29.4",14856.5863,29.423875,2,3400000,1.1e+07,7200000,1900000,3200000,2600000,4900000,"1.5",NA,"ADULT_red_2_517","JAG68923.1 Metalloproteinase (type III) 4a [Boiga irregularis]_JAS04560.1 Metalloproteinase type III 4a [Boiga irregularis]","1.58e-09","D.CDLAEHCTGQSAECPTDLSQRNGH(PCQNDSGYCYNGKCPTLTNQCVGLWGPDKTVAPDSCFDNNLAGNYFGYCRQENGVNIPCDPQDVKCGRLYCKTENAMTCLTRLVSDSPDY)[-481.65680]GMVEPGTKCGDGKVCINRHCVNVQTAY."
"1334.498:17.5",1334.498032,17.49145833,4,6100000,4300000,5200000,4800000,4300000,4600000,4900000,"0.2",NA,"","","",""
"452.0798:1.4",452.0797744,1.400145833,2,3900000,3100000,3500000,4500000,7800000,6200000,4800000,"-0.8",NA,"","","",""
"1096.396:15",1096.395996,15.02930833,4,6800000,2200000,4500000,5300000,4900000,5100000,4800000,"-0.2",NA,"","","",""
"562.026:2.3",562.0259705,2.272541667,4,9900000,4600000,7300000,1100000,3300000,2200000,4700000,"1.7",NA,"","","",""
"8356.6338:34.1",8356.633789,34.08404167,4,3e+06,1.1e+07,7e+06,1600000,3100000,2400000,4700000,"1.6",NA,"","","",""
"951.3764:16",951.3764114,15.989475,4,3700000,3800000,3800000,3500000,7500000,5500000,4600000,"-0.6",NA,"","","",""
"6320.9667:29.4",6320.966675,29.4145,4,5800000,8e+06,6900000,3100000,1500000,2300000,4600000,"1.6",NA,"ADULT_red_1_480","JAG68922.1 Metalloproteinase (type III) 4b [Boiga irregularis]_JAS04559.1 Metalloproteinase type III 4b [Boiga irregularis]","4.92e-20","D.PQDVKCGRLYCKTENAMTCLRRLVSDSPDYGMVEPGTKCGDGKVCINRHCVNVQTAY."
"8203.659:36.9",8203.659012,36.86858333,2,350000,150000,250000,3800000,1.4e+07,8900000,4600000,"-5.2",NA,"NEONATE_red_1_484","JAG68975.1 Three-finger toxin 8d [Boiga irregularis]_JAG68977.1 Three-finger toxin 8b [Boiga irregularis]_JAS04612.1 Three-finger toxin 8d [Boiga irregularis]_JAS04614.1 Three-finger toxin 8b [Boiga irregularis]","1.12e-25","G.(QAVGL)[-17.02597]PFTLCFECNRMTSSDCSTASRCYRGSCYTLYKRDGNGGEKWAVKGCAKTCPTAGPNERVKCCRSPRCNDD."
"8186.6489:32.1",8186.648881,32.13079167,2,1300000,1400000,1400000,9800000,5700000,7800000,4600000,"-2.5",NA,"NEONATE_red_1_476","JAG68975.1 Three-finger toxin 8d [Boiga irregularis]_JAG68977.1 Three-finger toxin 8b [Boiga irregularis]_JAS04612.1 Three-finger toxin 8d [Boiga irregularis]_JAS04614.1 Three-finger toxin 8b [Boiga irregularis]","1.28e-07","Q.AVGLPFTLCFECNRMTSSDCSTASRCYRGSCYTLYKRDGNGGEK(WAV)[94.04350]KGCAKTCPTAGPNERVKCCRSPRCNDD."
"2216.9876:26.9",2216.98764,26.94720833,2,4500000,8800000,6700000,1100000,3700000,2400000,4500000,"1.5",NA,"NEONATE_red_2_672","pdb|2H7Z|A Chain A, Crystal Structure Of Irditoxin","5.63e-08",".(QAVGP)[-0.99036]PYTLCFECNRMTSSD.C"
"721.2641:2.6",721.2640839,2.620570833,4,4300000,3700000,4e+06,6700000,3400000,5100000,4500000,"-0.3",NA,"NEONATE_red_2_0","JAG68922.1 Metalloproteinase (type III) 4b [Boiga irregularis]_JAS04559.1 Metalloproteinase type III 4b [Boiga irregularis]","3.85e-06","D.HCYYH.G"
"8247.6315:28.3",8247.63147,28.29604167,4,6800000,9800000,8300000,730000,750000,740000,4500000,"3.5",NA,"ADULT_red_2_441","pdb|2H7Z|A Chain A, Crystal Structure Of Irditoxin","1.15e-23",".QAVGPPYTLCFECNRMTSSD(CSTA)[-143.04802]LRCYRGSCYTLYRPDENCELKWAVKGCAETCPTAGPNERVKCCRSPRCNDD."
"8672.7693:28.2",8672.769287,28.23233333,4,2700000,8e+06,5400000,1700000,5600000,3700000,4500000,"0.6",NA,"ADULT_red_2_369","pdb|2H7Z|B Chain B, Crystal Structure Of Irditoxin","3.46e-34",".QAKGPPYTLC(FEC)[-16.01507]NRETCSNCFKDNRCPPYHRTCYTLYRPDGNGEMKWAVKGCAKTCPTAQPGESVQCCNTPKCNDY."
"636.0352:1.4",636.0352198,1.380783333,2,8600000,2400000,5500000,1900000,5e+06,3500000,4500000,"0.7",NA,"","","",""
"9828.4751:26.8",9828.475098,26.79908333,2,1200000,1.1e+07,6100000,5200000,470000,2800000,4500000,"1.1",NA,"ADULT_red_2_315","ANN23941.1 three finger toxin 5 [Boiga irregularis]","2.14e-41","G.S(ANQQGRGR)[-289.13073]KPPLDLHSTYCFQCTPENHWYKCPRAEKCTGIANKCYTLYKRDGNGEEKWAVKGCAYTCPTAGPDERVKCCFYNRCNEY."
"8374.6589:35.8",8374.658915,35.80158333,2,2500000,9900000,6200000,1600000,3600000,2600000,4400000,"1.3",NA,"NEONATE_red_1_581","pdb|2H7Z|A Chain A, Crystal Structure Of Irditoxin","7.94e-28",".(QA)[-16.01291]VGPPYTLCFECNRMTSSDCSTALRCYRGSCYTLYRPDENCELKWAVKGCAETCPTAGPNERVKCCRSPRCNDD."
"2222.9052:31",2222.905172,31.006875,2,7800000,5600000,6700000,2200000,1300000,1800000,4200000,"1.9",NA,"ADULT_red_2_585","pdb|2H7Z|A Chain A, Crystal Structure Of Irditoxin","0.000860454",".QAVGPPYTL(C)[4.95616]FECNRMTSSD.C"
"734.3275:9.1",734.3275299,9.075033333,4,3600000,3600000,3600000,4800000,4700000,4800000,4200000,"-0.4",NA,"","","",""
"6077.7185:19.7",6077.718506,19.73225,2,0,0,0,7400000,9200000,8300000,4200000,"#ZAHL!",NA,"NEONATE_red_2_53","JAG69004.1 Three-finger toxin 2e [Boiga irregularis]_JAS04641.1 Three-finger toxin 2e [Boiga irregularis]","3.94e-15","D.CSTASRCYRGSCYTLY(RPDENCE)[-86.95678]LKWAVKGCAETCPTAGPNERVKCCRSPRCNDD."
"561.255:16",561.2550278,15.9942,4,2300000,2800000,2600000,5900000,5600000,5800000,4200000,"-1.2",NA,"","","",""
"10167.1864:41",10167.1864,40.996875,4,3300000,4100000,3700000,4500000,4600000,4600000,4100000,"-0.3",NA,"ADULT_red_1_873","JAG67774.1 H(+)/Cl(-) exchange transporter 5 isoform 2 [Boiga irregularis]","3.98e-05","L.LDSSQLCDYLSAPNSTQGDDLPDRAAGPGLHVATWQLMLALLLKI(FITIFTFGM)[-467.20423]KVPSGLFIPSMAVGAIAGRLLGVGMEQLAYHHHDWLIFKGWCSP.G"
"590.1995:17.7",590.1995392,17.73575,4,2700000,7300000,5e+06,3700000,2800000,3300000,4100000,"0.6",NA,"","","",""
"450.1843:45.6",450.1842515,45.58833333,2,830000,420000,630000,8200000,6700000,7500000,4e+06,"-3.6",NA,"","","",""
"743.2461:2.6",743.2461166,2.632116667,4,3700000,3200000,3500000,4200000,5e+06,4600000,4e+06,"-0.4",NA,"","","",""
"1708.7318:21.9",1708.731827,21.91891667,4,1700000,3200000,2500000,5400000,5500000,5500000,4e+06,"-1.2",NA,"","","",""
"496.182:37.4",496.1820089,37.35729167,2,4400000,3900000,4200000,3400000,4e+06,3700000,3900000,"0.2",NA,"","","",""
"653.2813:16",653.281311,16.00107917,4,3100000,1400000,2300000,4900000,6100000,5500000,3900000,"-1.3",NA,"","","",""
"474.2:36.1",474.1999702,36.101,4,2700000,5200000,4e+06,1800000,5800000,3800000,3900000,"0.1",NA,"","","",""
"736.0643:1.2",736.0642846,1.155708333,2,3700000,5e+06,4400000,1900000,4600000,3300000,3800000,"0.4",NA,"","","",""
"8203.6588:41.2",8203.658838,41.204625,2,120000,220000,170000,6900000,7900000,7400000,3800000,"-5.4",NA,"NEONATE_red_1_484","JAG68975.1 Three-finger toxin 8d [Boiga irregularis]_JAG68977.1 Three-finger toxin 8b [Boiga irregularis]_JAS04612.1 Three-finger toxin 8d [Boiga irregularis]_JAS04614.1 Three-finger toxin 8b [Boiga irregularis]","1.12e-25","G.(QAVGL)[-17.02597]PFTLCFECNRMTSSDCSTASRCYRGSCYTLYKRDGNGGEKWAVKGCAKTCPTAGPNERVKCCRSPRCNDD."
"674.3392:16",674.3391571,15.9942,4,2300000,2600000,2500000,5600000,4400000,5e+06,3700000,"-1.0",NA,"","","",""
"378.0398:37.4",378.0397911,37.387875,4,4800000,1500000,3200000,3800000,4700000,4300000,3700000,"-0.4",NA,"","","",""
"3196.5413:20.2",3196.54129,20.24516667,2,6300000,6700000,6500000,680000,890000,790000,3600000,"3.0",NA,"ADULT_red_1_33","ANN23940.1 three finger toxin 4 [Boiga irregularis]","2.44e-10","N.(QQGRGR)[-17.02222]KPPLDLHSRYCFQCTPENRLD.K"
"8203.6676:36.2",8203.667643,36.23354167,2,810000,430000,620000,4400000,8900000,6700000,3600000,"-3.4",NA,"NEONATE_red_1_484","JAG68975.1 Three-finger toxin 8d [Boiga irregularis]_JAG68977.1 Three-finger toxin 8b [Boiga irregularis]_JAS04612.1 Three-finger toxin 8d [Boiga irregularis]_JAS04614.1 Three-finger toxin 8b [Boiga irregularis]","1.12e-25","G.(QAVGL)[-17.02597]PFTLCFECNRMTSSDCSTASRCYRGSCYTLYKRDGNGGEKWAVKGCAKTCPTAGPNERVKCCRSPRCNDD."
"2265.9602:30.9",2265.960241,30.89129167,2,5900000,7800000,6900000,15000,820000,420000,3600000,"4.0",NA,"","","",""
"1380.5309:20.6",1380.530899,20.57275,4,3200000,8200000,5700000,1600000,1e+06,1300000,3500000,"2.1",NA,"","","",""
"2119.9342:26.9",2119.934204,26.94770833,4,7200000,3600000,5400000,2300000,880000,1600000,3500000,"1.8",NA,"","","",""
"8204.66419999999:36.5",8204.664225,36.46045833,2,250000,890000,570000,3500000,8900000,6200000,3400000,"-3.4",NA,"NEONATE_red_1_489","JAG68975.1 Three-finger toxin 8d [Boiga irregularis]_JAG68977.1 Three-finger toxin 8b [Boiga irregularis]_JAS04612.1 Three-finger toxin 8d [Boiga irregularis]_JAS04614.1 Three-finger toxin 8b [Boiga irregularis]","1.95e-22","Q.(AVG)[112.12140]LPFTLCFECNRMTSSDCSTASRCYRGSCYTLYKRDGNGGEKWAVKGCAKTCPTAGPNERVKCCRSPRCNDD."
"424.2078:59.7",424.2077637,59.74570833,4,2300000,3200000,2800000,3600000,4400000,4e+06,3400000,"-0.5",NA,"","","",""
"8203.6573:37.9",8203.657251,37.91441667,2,240000,790000,520000,4100000,8200000,6200000,3300000,"-3.6",NA,"NEONATE_red_1_484","JAG68975.1 Three-finger toxin 8d [Boiga irregularis]_JAG68977.1 Three-finger toxin 8b [Boiga irregularis]_JAS04612.1 Three-finger toxin 8d [Boiga irregularis]_JAS04614.1 Three-finger toxin 8b [Boiga irregularis]","1.12e-25","G.(QAVGL)[-17.02597]PFTLCFECNRMTSSDCSTASRCYRGSCYTLYKRDGNGGEKWAVKGCAKTCPTAGPNERVKCCRSPRCNDD."
"8286.5718:26.9",8286.571808,26.94783333,2,3400000,3500000,3500000,1600000,4800000,3200000,3300000,"0.1",NA,"","","",""
"663.2909:5.5",663.290863,5.50015,4,2600000,2700000,2700000,4100000,3900000,4e+06,3300000,"-0.6",NA,"","","",""
"1244.8165:26.4",1244.816467,26.40666667,2,2500000,2700000,2600000,960000,7100000,4e+06,3300000,"-0.6",NA,"","","",""
"2719.1183:19.7",2719.118347,19.69745833,4,5e+06,3600000,4300000,1400000,3e+06,2200000,3300000,"1.0",NA,"ADULT_red_2_43","ANN23939.1 three finger toxin 3 [Boiga irregularis]","5.75e-16","D.YSCPTAGPDERLKCCYYNKCNEY."
"539.0713:2.4",539.0713179,2.363533333,2,4400000,1900000,3200000,3100000,3300000,3200000,3200000,"0.0",NA,"","","",""
"554.0404:1.9",554.0403976,1.930225,4,1500000,2600000,2100000,4400000,4e+06,4200000,3100000,"-1.0",NA,"","","",""
"565.2154:22.2",565.2153625,22.22070833,4,970000,3900000,2400000,3500000,3700000,3600000,3e+06,"-0.6",NA,"","","",""
"1947.8495:26.9",1947.849518,26.94729167,4,3500000,6500000,5e+06,1200000,820000,1e+06,3e+06,"2.3",NA,"","","",""
"8373.6527:39.3",8373.65271,39.322125,4,4300000,3300000,3800000,1700000,2700000,2200000,3e+06,"0.8",NA,"ADULT_red_2_720","pdb|2H7Z|A Chain A, Crystal Structure Of Irditoxin","2.45e-31",".(QA)[-17.01755]VGPPYTLCFECNRMTSSDCSTALRCYRGSCYTLYRPDENCELKWAVKGCAETCPTAGPNERVKCCRSPRCNDD."
"2051.0144:25.6",2051.014422,25.55095833,2,1400000,3700000,2600000,4100000,2800000,3500000,3e+06,"-0.4",NA,"","","",""
"5830.7896:21.3",5830.789625,21.2695,2,7100000,3900000,5500000,430000,5e+05,470000,3e+06,"3.6",NA,"ADULT_red_1_46","JAG68966.1 Three-finger toxin 9g [Boiga irregularis]_JAS04603.1 Three-finger toxin 9g [Boiga irregularis]","1.47e-14","S.A(NQQGR)[-202.10351]GRKPPLDLHSRYCFQCTPENRLDKCPQAKRCTGMRTMCYTLYKRD.E"
"8373.6713:37.9",8373.671265,37.93183333,4,6100000,2500000,4300000,1e+06,2300000,1700000,3e+06,"1.4",NA,"ADULT_red_2_720","pdb|2H7Z|A Chain A, Crystal Structure Of Irditoxin","2.45e-31",".(QA)[-17.01755]VGPPYTLCFECNRMTSSDCSTALRCYRGSCYTLYRPDENCELKWAVKGCAETCPTAGPNERVKCCRSPRCNDD."
"576.0145:1.3",576.0144641,1.2821375,2,4800000,2100000,3500000,2700000,2300000,2500000,3e+06,"0.5",NA,"","","",""
"475.2407:6.3",475.2407496,6.3285875,2,4500000,3900000,4200000,1200000,2300000,1800000,3e+06,"1.3",NA,"","","",""
"1112.3611:15",1112.361084,15.0075875,4,4500000,5300000,4900000,1300000,780000,1e+06,3e+06,"2.2",NA,"","","",""
"5916.8093:22.9",5916.809312,22.90175,2,3e+06,660000,1800000,3600000,4500000,4100000,2900000,"-1.1",NA,"ADULT_red_1_73","ANN23941.1 three finger toxin 5 [Boiga irregularis]","1.3e-22","A.NQQGRGRKPPLDLHSTYCFQCTPENHWYKCPRAEKCTGIANKCYTLYKRD.G"
"1255.6304:18.6",1255.630417,18.641375,4,3600000,1800000,2700000,3700000,2600000,3200000,2900000,"-0.2",NA,"","","",""
"8373.6423:40.8",8373.642334,40.76054167,2,2400000,7400000,4900000,690000,1200000,950000,2900000,"2.4",NA,"ADULT_red_2_720","pdb|2H7Z|A Chain A, Crystal Structure Of Irditoxin","2.45e-31",".(QA)[-17.01755]VGPPYTLCFECNRMTSSDCSTALRCYRGSCYTLYRPDENCELKWAVKGCAETCPTAGPNERVKCCRSPRCNDD."
"8373.6528:36.5",8373.652832,36.52829167,4,2600000,4600000,3600000,1600000,2700000,2200000,2900000,"0.7",NA,"ADULT_red_2_720","pdb|2H7Z|A Chain A, Crystal Structure Of Irditoxin","2.45e-31",".(QA)[-17.01755]VGPPYTLCFECNRMTSSDCSTALRCYRGSCYTLYRPDENCELKWAVKGCAETCPTAGPNERVKCCRSPRCNDD."
"8373.67:32.6",8373.670003,32.59041667,2,3e+06,7400000,5200000,380000,690000,540000,2900000,"3.3",NA,"ADULT_red_2_720","pdb|2H7Z|A Chain A, Crystal Structure Of Irditoxin","2.45e-31",".(QA)[-17.01755]VGPPYTLCFECNRMTSSDCSTALRCYRGSCYTLYRPDENCELKWAVKGCAETCPTAGPNERVKCCRSPRCNDD."
"808.3985:15.6",808.3984909,15.61592917,2,2300000,3900000,3100000,2600000,2500000,2600000,2800000,"0.3",NA,"","","",""
"8186.6395:32.4",8186.639521,32.38166667,2,1300000,1400000,1400000,7200000,1300000,4300000,2800000,"-1.7",NA,"NEONATE_red_1_476","JAG68975.1 Three-finger toxin 8d [Boiga irregularis]_JAG68977.1 Three-finger toxin 8b [Boiga irregularis]_JAS04612.1 Three-finger toxin 8d [Boiga irregularis]_JAS04614.1 Three-finger toxin 8b [Boiga irregularis]","1.28e-07","Q.AVGLPFTLCFECNRMTSSDCSTASRCYRGSCYTLYKRDGNGGEK(WAV)[94.04350]KGCAKTCPTAGPNERVKCCRSPRCNDD."
"452.1606:48.7",452.1605533,48.709375,2,320000,690000,510000,5100000,5e+06,5100000,2800000,"-3.3",NA,"","","",""
"4409.9164:35.4",4409.916406,35.42908333,2,3600000,3400000,3500000,2800000,1100000,2e+06,2700000,"0.8",NA,"ADULT_red_2_784","pdb|2H7Z|A Chain A, Crystal Structure Of Irditoxin","0.000442199",".(QA)[-16.89274]VGPPYTLCFECNRMTSSDCSTALRCYRGSCYTLYRPD.E"
"524.079:2.5",524.079039,2.536116667,2,1400000,2300000,1900000,4400000,2700000,3600000,2700000,"-0.9",NA,"","","",""
"356.2059:2.8",356.2059286,2.7522875,2,6900000,1600000,4300000,1200000,1100000,1200000,2700000,"1.9",NA,"","","",""
"8373.6549:38.7",8373.654907,38.69104167,2,2300000,5700000,4e+06,1400000,1300000,1400000,2700000,"1.6",NA,"ADULT_red_2_720","pdb|2H7Z|A Chain A, Crystal Structure Of Irditoxin","2.45e-31",".(QA)[-17.01755]VGPPYTLCFECNRMTSSDCSTALRCYRGSCYTLYRPDENCELKWAVKGCAETCPTAGPNERVKCCRSPRCNDD."
"470.1103:1.3",470.1103058,1.258679167,4,3200000,2300000,2800000,3500000,1700000,2600000,2700000,"0.1",NA,"","","",""
"1161.5059:14.3",1161.50592,14.3059625,4,2200000,2800000,2500000,2800000,2800000,2800000,2700000,"-0.2",NA,"NEONATE_red_1_7","JAG68850.1 acyl-CoA-binding domain-containing protein 5 [Boiga irregularis]","2.58e-06","G.QNEDATEVSGI.Q"
"495.333:57.9",495.3329606,57.86825,2,270000,420000,350000,4800000,5100000,5e+06,2600000,"-3.8",NA,"","","",""
"1839.851:13.6",1839.851024,13.63775417,2,5e+06,5100000,5100000,2e+05,180000,190000,2600000,"4.7",NA,"ADULT_red_2_4","JAG65867.1 protein YIPF3 [Boiga irregularis]","0.000129965",".MSGP(GAAAGAGGSRSGAAT)[-64.99323]ATAE.W"
"8203.6622:38.3",8203.662183,38.28558333,2,530000,790000,660000,2200000,6800000,4500000,2600000,"-2.8",NA,"NEONATE_red_1_484","JAG68975.1 Three-finger toxin 8d [Boiga irregularis]_JAG68977.1 Three-finger toxin 8b [Boiga irregularis]_JAS04612.1 Three-finger toxin 8d [Boiga irregularis]_JAS04614.1 Three-finger toxin 8b [Boiga irregularis]","1.12e-25","G.(QAVGL)[-17.02597]PFTLCFECNRMTSSDCSTASRCYRGSCYTLYKRDGNGGEKWAVKGCAKTCPTAGPNERVKCCRSPRCNDD."
"2736.15:27.9",2736.15,27.867625,2,3700000,4e+06,3900000,1e+06,1400000,1200000,2500000,"1.7",NA,"ADULT_red_1_412","pdb|2H7Z|B Chain B, Crystal Structure Of Irditoxin","1.41e-12",".(QA)[-17.02351]KGPPYTLCFECNRETCSNCFKD.N"
"303.2923:57.5",303.2922592,57.540125,4,1400000,3900000,2700000,2400000,2400000,2400000,2500000,"0.1",NA,"","","",""
"6076.7721:18.1",6076.772095,18.10258333,2,0,0,0,8600000,1400000,5e+06,2500000,"#ZAHL!",NA,"NEONATE_red_2_44","JAG68973.1 Three-finger toxin 8f [Boiga irregularis]_JAS04610.1 Three-finger toxin 8f [Boiga irregularis]","4.51e-17","D.CSTASRCYRGSCYTLYKRDGNGE(K)[113.08882]WAVKGCAKTCPTAGPNERVKCCRSPRCNDD."
"4164.7459:22.4",4164.745911,22.38641667,4,2e+06,3100000,2600000,2900000,1900000,2400000,2500000,"0.1",NA,"ADULT_red_1_60","ANN23939.1 three finger toxin 3 [Boiga irregularis]","3.45e-22","D.ENGEEKWAVKGCDYSCPTAGPDERLKCCYYNKCNEY."
"1191.6625:34",1191.662547,33.99170833,2,350000,2700000,1500000,3300000,3400000,3400000,2400000,"-1.1",NA,"","","",""
"731.2207:20.6",731.2207489,20.6245,4,6e+05,840000,720000,3100000,5200000,4200000,2400000,"-2.5",NA,"","","",""
"8260.6814:34.6",8260.681396,34.58566667,2,0,0,0,4800000,4800000,4800000,2400000,"#ZAHL!",NA,"NEONATE_red_1_563","JAG69004.1 Three-finger toxin 2e [Boiga irregularis]_JAS04641.1 Three-finger toxin 2e [Boiga irregularis]","1.73e-16","G.QAVGLPFTLCFECNRMTSSDCSTASRC(YRGSCYTLYRPDENCE)[-103.97257]LKWAVKGCAETCPTAGPNERVKCCRSPRCNDD."
"8373.6534:39.9",8373.653442,39.89895833,4,3100000,3600000,3400000,1400000,1400000,1400000,2400000,"1.3",NA,"ADULT_red_2_720","pdb|2H7Z|A Chain A, Crystal Structure Of Irditoxin","2.45e-31",".(QA)[-17.01755]VGPPYTLCFECNRMTSSDCSTALRCYRGSCYTLYRPDENCELKWAVKGCAETCPTAGPNERVKCCRSPRCNDD."
"487.2187:58.2",487.2186813,58.16541667,4,2700000,1900000,2300000,4500000,320000,2400000,2400000,"-0.1",NA,"","","",""
"942.3829:37.4",942.3829269,37.40654167,4,940000,3600000,2300000,2500000,2200000,2400000,2300000,"0.0",NA,"","","",""
"636.0355:2.4",636.0355453,2.352416667,4,4e+06,1700000,2900000,2200000,1200000,1700000,2300000,"0.7",NA,"","","",""
"8373.651:41.9",8373.651001,41.869375,4,1400000,4100000,2800000,2500000,970000,1700000,2200000,"0.7",NA,"ADULT_red_2_720","pdb|2H7Z|A Chain A, Crystal Structure Of Irditoxin","2.45e-31",".(QA)[-17.01755]VGPPYTLCFECNRMTSSDCSTALRCYRGSCYTLYRPDENCELKWAVKGCAETCPTAGPNERVKCCRSPRCNDD."
"1429.6118:16.9",1429.611798,16.940125,2,2900000,3100000,3e+06,2e+06,920000,1500000,2200000,"1.0",NA,"","","",""
"807.3533:17.4",807.3533257,17.39420833,2,2300000,5e+06,3700000,740000,810000,780000,2200000,"2.2",NA,"","","",""
"8672.7764:29.4",8672.776404,29.39183333,2,3100000,3200000,3200000,450000,1900000,1200000,2200000,"1.4",NA,"ADULT_red_2_369","pdb|2H7Z|B Chain B, Crystal Structure Of Irditoxin","3.46e-34",".QAKGPPYTLC(FEC)[-16.01507]NRETCSNCFKDNRCPPYHRTCYTLYRPDGNGEMKWAVKGCAKTCPTAQPGESVQCCNTPKCNDY."
"8672.7688:30.1",8672.768823,30.056875,2,4600000,3e+06,3800000,410000,580000,5e+05,2100000,"2.9",NA,"ADULT_red_2_369","pdb|2H7Z|B Chain B, Crystal Structure Of Irditoxin","3.46e-34",".QAKGPPYTLC(FEC)[-16.01507]NRETCSNCFKDNRCPPYHRTCYTLYRPDGNGEMKWAVKGCAKTCPTAQPGESVQCCNTPKCNDY."
"1724.6971:21.9",1724.697094,21.926,2,840000,2e+06,1400000,2700000,2900000,2800000,2100000,"-1.0",NA,"","","",""
"8248.6347:29.3",8248.634668,29.34545833,2,3300000,4500000,3900000,160000,460000,310000,2100000,"3.7",NA,"ADULT_red_1_376","JAG68981.1 Three-finger toxin 7b [Boiga irregularis]_JAS04618.1 Three-finger toxin 7b [Boiga irregularis]","1.81e-19","V.GRPFTLCFECNRMTSSDCSTASR(CYRGSCYTLYKLDERLG)[155.02699]EKWAVKGCAETCPTAGPNERVKCCRSPRCNDD."
"311.9815:2.9",311.9815216,2.875445833,4,620000,4100000,2400000,2400000,1300000,1900000,2100000,"0.4",NA,"","","",""
"1372.4449:17.5",1372.444946,17.49858333,4,2e+06,2200000,2100000,2400000,1800000,2100000,2100000,"0.0",NA,"","","",""
"1291.7169:26.1",1291.716858,26.14666667,2,0,0,0,4600000,3800000,4200000,2100000,"#ZAHL!",NA,"","","",""
"4587.0013:37.1",4587.001338,37.12141667,2,36000,110000,73000,3400000,4800000,4100000,2100000,"-5.8",NA,"","","",""
"378.1077:1.6",378.1076949,1.567579167,2,1900000,3e+06,2500000,1600000,1600000,1600000,2e+06,"0.6",NA,"","","",""
"524.0794:3.3",524.079361,3.331795833,4,2800000,650000,1700000,3300000,1100000,2200000,2e+06,"-0.4",NA,"","","",""
"8247.6262:29.3",8247.626221,29.29295833,2,4e+06,3200000,3600000,250000,370000,310000,2e+06,"3.5",NA,"ADULT_red_2_441","pdb|2H7Z|A Chain A, Crystal Structure Of Irditoxin","1.15e-23",".QAVGPPYTLCFECNRMTSSD(CSTA)[-143.04802]LRCYRGSCYTLYRPDENCELKWAVKGCAETCPTAGPNERVKCCRSPRCNDD."
"7170.2761:22.3",7170.276123,22.32441667,4,1400000,1500000,1500000,2900000,2e+06,2500000,2e+06,"-0.8",NA,"","","",""
"321.1302:4.9",321.1301524,4.875895833,2,380000,1100000,740000,3200000,3e+06,3100000,1900000,"-2.1",NA,"","","",""
"1777.805:8.9",1777.805015,8.938204167,2,580000,3200000,1900000,1500000,2300000,1900000,1900000,"0.0",NA,"","","",""
"5953.6223:21.2",5953.622253,21.153375,4,1200000,2200000,1700000,2800000,1300000,2100000,1900000,"-0.3",NA,"ADULT_red_2_48","ABC17854.1 irditoxin subunit B precursor [Boiga irregularis]_sp|A0S865.1|3NBB_BOIIR RecName: Full=Irditoxin subunit B; Short=IrTxB; Flags: Precursor","2.01e-30","D.NRCPPYHRTCYTLYRPDGNGEMKWAVKGCAKTCPTAQPGESVQCCNTPKCNDY."
"320.1233:14.3",320.1233044,14.32185,2,470000,1200000,840000,2100000,3700000,2900000,1900000,"-1.8",NA,"","","",""
"722.408:16.9",722.4079952,16.94254167,2,590000,770000,680000,3100000,2900000,3e+06,1800000,"-2.1",NA,"","","",""
"8374.6573:38.1",8374.657308,38.14291667,2,1400000,2e+06,1700000,1900000,1900000,1900000,1800000,"-0.2",NA,"NEONATE_red_1_581","pdb|2H7Z|A Chain A, Crystal Structure Of Irditoxin","7.94e-28",".(QA)[-16.01291]VGPPYTLCFECNRMTSSDCSTALRCYRGSCYTLYRPDENCELKWAVKGCAETCPTAGPNERVKCCRSPRCNDD."
"412.2324:18.9",412.2323963,18.87275,2,2900000,1100000,2e+06,1400000,1700000,1600000,1800000,"0.4",NA,"","","",""
"2281.9257:30.9",2281.925691,30.92183333,2,3300000,2500000,2900000,290000,1e+06,650000,1800000,"2.2",NA,"","","",""
"647.2533:6.1",647.2532768,6.097708333,2,4100000,2100000,3100000,350000,460000,410000,1800000,"2.9",NA,"","","",""
"1264.4502:24.3",1264.450155,24.25679167,2,1600000,2200000,1900000,1300000,1900000,1600000,1800000,"0.2",NA,"","","",""
"497.2227:6.3",497.2226589,6.34195,2,2300000,3300000,2800000,1e+06,4e+05,7e+05,1800000,"2.0",NA,"","","",""
"477.2313:4.2",477.2312584,4.245666667,4,1600000,1600000,1600000,1400000,2400000,1900000,1800000,"-0.2",NA,"","","",""
"3635.6553:12.5",3635.655301,12.5391375,2,290000,280000,290000,3700000,2400000,3100000,1700000,"-3.4",NA,"NEONATE_red_2_3","JAG68975.1 Three-finger toxin 8d [Boiga irregularis]_JAG68977.1 Three-finger toxin 8b [Boiga irregularis]_JAS04612.1 Three-finger toxin 8d [Boiga irregularis]_JAS04614.1 Three-finger toxin 8b [Boiga irregularis]","5.29e-20","N.GGEKWAVKGCAKTCPTAGPNERVKCCRSPRCNDD."
"4430.9414:34.4",4430.941406,34.40633333,2,0,0,0,3900000,2700000,3300000,1700000,"#ZAHL!",NA,"NEONATE_red_2_616","JAG68978.1 Three-finger toxin 8a [Boiga irregularis]_JAS04615.1 Three-finger toxin 8a [Boiga irregularis]","8.77e-08","G.QAVGLP(F)[-1.00574]TLCFECNRMTSSDCSTASRCYRGSCYTLYKRD.G"
"316.0686:3.5",316.0685884,3.470408333,2,1800000,2200000,2e+06,1e+06,1600000,1300000,1700000,"0.6",NA,"","","",""
"10277.6235:24.7",10277.62354,24.70041667,2,0,0,0,5800000,740000,3300000,1600000,"#ZAHL!",NA,"NEONATE_red_2_188","ANN23939.1 three finger toxin 3 [Boiga irregularis]","1.13e-11","A.NQQGRGRKPPLDLHSRYCFQCTPENRLYKCPQANRCTGM(KTMCYTLYKRDENGEEKWAVKGCDYSC)[163.36834]PTAGPDERLKCCYYNKCNEY."
"8247.6297:31.4",8247.629726,31.3565,2,3700000,1900000,2800000,810000,130000,470000,1600000,"2.6",NA,"ADULT_red_2_441","pdb|2H7Z|A Chain A, Crystal Structure Of Irditoxin","1.15e-23",".QAVGPPYTLCFECNRMTSSD(CSTA)[-143.04802]LRCYRGSCYTLYRPDENCELKWAVKGCAETCPTAGPNERVKCCRSPRCNDD."
"584.0734:1.6",584.073389,1.618841667,2,730000,1500000,1100000,1600000,2600000,2100000,1600000,"-0.9",NA,"","","",""
"8203.6622:42.2",8203.66217,42.19129167,2,91000,130000,110000,3300000,2700000,3e+06,1600000,"-4.8",NA,"NEONATE_red_1_484","JAG68975.1 Three-finger toxin 8d [Boiga irregularis]_JAG68977.1 Three-finger toxin 8b [Boiga irregularis]_JAS04612.1 Three-finger toxin 8d [Boiga irregularis]_JAS04614.1 Three-finger toxin 8b [Boiga irregularis]","1.12e-25","G.(QAVGL)[-17.02597]PFTLCFECNRMTSSDCSTASRCYRGSCYTLYKRDGNGGEKWAVKGCAKTCPTAGPNERVKCCRSPRCNDD."
"1049.4704:6.5",1049.470382,6.53365,2,2e+06,2300000,2200000,1e+06,790000,9e+05,1500000,"1.3",NA,"","","",""
"666.0459:1.5",666.0458781,1.5421,2,2e+06,1200000,1600000,2e+06,850000,1400000,1500000,"0.2",NA,"","","",""
"788.1285:2.3",788.1285301,2.319795833,2,1800000,1700000,1800000,1400000,1100000,1300000,1500000,"0.5",NA,"","","",""
"8204.6659:45.2",8204.665934,45.18516667,2,34000,25000,30000,1700000,4100000,2900000,1500000,"-6.6",NA,"NEONATE_red_1_489","JAG68975.1 Three-finger toxin 8d [Boiga irregularis]_JAG68977.1 Three-finger toxin 8b [Boiga irregularis]_JAS04612.1 Three-finger toxin 8d [Boiga irregularis]_JAS04614.1 Three-finger toxin 8b [Boiga irregularis]","1.95e-22","Q.(AVG)[112.12140]LPFTLCFECNRMTSSDCSTASRCYRGSCYTLYKRDGNGGEKWAVKGCAKTCPTAGPNERVKCCRSPRCNDD."
"8203.6615:44.7",8203.661548,44.68958333,2,46000,130000,88000,2500000,3100000,2800000,1400000,"-5.0",NA,"NEONATE_red_1_484","JAG68975.1 Three-finger toxin 8d [Boiga irregularis]_JAG68977.1 Three-finger toxin 8b [Boiga irregularis]_JAS04612.1 Three-finger toxin 8d [Boiga irregularis]_JAS04614.1 Three-finger toxin 8b [Boiga irregularis]","1.12e-25","G.(QAVGL)[-17.02597]PFTLCFECNRMTSSDCSTASRCYRGSCYTLYKRDGNGGEKWAVKGCAKTCPTAGPNERVKCCRSPRCNDD."
"8247.6333:34.6",8247.633301,34.64883333,2,950000,4100000,2500000,340000,350000,350000,1400000,"2.9",NA,"ADULT_red_2_441","pdb|2H7Z|A Chain A, Crystal Structure Of Irditoxin","1.15e-23",".QAVGPPYTLCFECNRMTSSD(CSTA)[-143.04802]LRCYRGSCYTLYRPDENCELKWAVKGCAETCPTAGPNERVKCCRSPRCNDD."
"598.089:1.6",598.0890299,1.6328875,2,860000,520000,690000,1600000,2700000,2200000,1400000,"-1.6",NA,"","","",""
"1827.7744:14.1",1827.774385,14.13311667,2,1900000,1900000,1900000,1e+06,730000,870000,1400000,"1.1",NA,"ADULT_red_2_5","ANN23939.1 three finger toxin 3 [Boiga irregularis]","1.13e-10","D.ERLKCCYYNKCNEY."
"8672.7659:31",8672.765869,30.96445833,4,1200000,2600000,1900000,870000,840000,860000,1400000,"1.2",NA,"ADULT_red_2_369","pdb|2H7Z|B Chain B, Crystal Structure Of Irditoxin","3.46e-34",".QAKGPPYTLC(FEC)[-16.01507]NRETCSNCFKDNRCPPYHRTCYTLYRPDGNGEMKWAVKGCAKTCPTAQPGESVQCCNTPKCNDY."
"1247.8186:26.5",1247.818629,26.54104167,2,2800000,1200000,2e+06,9e+05,590000,750000,1400000,"1.4",NA,"","","",""
"9828.4787:27.8",9828.478699,27.759125,2,1e+06,4e+06,2500000,270000,190000,230000,1400000,"3.4",NA,"ADULT_red_2_315","ANN23941.1 three finger toxin 5 [Boiga irregularis]","2.14e-41","G.S(ANQQGRGR)[-289.13073]KPPLDLHSTYCFQCTPENHWYKCPRAEKCTGIANKCYTLYKRDGNGEEKWAVKGCAYTCPTAGPDERVKCCFYNRCNEY."
"8204.6584:39.8",8204.658374,39.80091667,2,270000,470000,370000,2400000,2300000,2400000,1400000,"-2.7",NA,"NEONATE_red_1_489","JAG68975.1 Three-finger toxin 8d [Boiga irregularis]_JAG68977.1 Three-finger toxin 8b [Boiga irregularis]_JAS04612.1 Three-finger toxin 8d [Boiga irregularis]_JAS04614.1 Three-finger toxin 8b [Boiga irregularis]","1.95e-22","Q.(AVG)[112.12140]LPFTLCFECNRMTSSDCSTASRCYRGSCYTLYKRDGNGGEKWAVKGCAKTCPTAGPNERVKCCRSPRCNDD."
"408.1683:48.5",408.1682695,48.53916667,2,1100000,8e+05,950000,1700000,1800000,1800000,1400000,"-0.9",NA,"","","",""
"400.1389:1.7",400.1388793,1.728345833,2,1200000,1400000,1300000,1100000,1600000,1400000,1300000,"-0.1",NA,"","","",""
"765.3124:17.9",765.3124204,17.90025,2,290000,110000,2e+05,2600000,2200000,2400000,1300000,"-3.6",NA,"","","",""
"9984.5381:25.8",9984.538086,25.76358333,2,2700000,1600000,2200000,82000,770000,430000,1300000,"2.3",NA,"NEONATE_red_2_232","ANN23939.1 three finger toxin 3 [Boiga irregularis]","6.64e-22","N.QQGRGRKPPL(D)[-16.01673]LHSRYCFQCTPENRLYKCPQANRCTGMKTMCYTLYKRDENGEEKWAVKGCDYSCPTAGPDERLKCCYYNKCNEY."
"7753.4118:32.9",7753.411784,32.85479167,2,310000,1e+06,660000,2e+06,1800000,1900000,1300000,"-1.5",NA,"NEONATE_red_1_481","JAG68975.1 Three-finger toxin 8d [Boiga irregularis]_JAG68977.1 Three-finger toxin 8b [Boiga irregularis]_JAS04612.1 Three-finger toxin 8d [Boiga irregularis]_JAS04614.1 Three-finger toxin 8b [Boiga irregularis]","1.19e-11","L.PFTLCFECNRMTSSDCSTASRCYRGSCYTLYKRDGNGGEK(WA)[1.02034]VKGCAKTCPTAGPNERVKCCRSPRCNDD."
"8247.6198:33.2",8247.619832,33.16929167,2,2900000,1500000,2200000,220000,470000,350000,1300000,"2.7",NA,"ADULT_red_2_441","pdb|2H7Z|A Chain A, Crystal Structure Of Irditoxin","1.15e-23",".QAVGPPYTLCFECNRMTSSD(CSTA)[-143.04802]LRCYRGSCYTLYRPDENCELKWAVKGCAETCPTAGPNERVKCCRSPRCNDD."
"8204.6616:42.5",8204.661572,42.5175,2,130000,160000,150000,2400000,2400000,2400000,1300000,"-4.0",NA,"NEONATE_red_1_489","JAG68975.1 Three-finger toxin 8d [Boiga irregularis]_JAG68977.1 Three-finger toxin 8b [Boiga irregularis]_JAS04612.1 Three-finger toxin 8d [Boiga irregularis]_JAS04614.1 Three-finger toxin 8b [Boiga irregularis]","1.95e-22","Q.(AVG)[112.12140]LPFTLCFECNRMTSSDCSTASRCYRGSCYTLYKRDGNGGEKWAVKGCAKTCPTAGPNERVKCCRSPRCNDD."
"8203.659:43.1",8203.659041,43.13129167,2,73000,160000,120000,2700000,2100000,2400000,1300000,"-4.4",NA,"NEONATE_red_1_484","JAG68975.1 Three-finger toxin 8d [Boiga irregularis]_JAG68977.1 Three-finger toxin 8b [Boiga irregularis]_JAS04612.1 Three-finger toxin 8d [Boiga irregularis]_JAS04614.1 Three-finger toxin 8b [Boiga irregularis]","1.12e-25","G.(QAVGL)[-17.02597]PFTLCFECNRMTSSDCSTASRCYRGSCYTLYKRDGNGGEKWAVKGCAKTCPTAGPNERVKCCRSPRCNDD."
"340.2595:59.9",340.2594888,59.935375,2,620000,1200000,910000,1300000,1900000,1600000,1300000,"-0.8",NA,"","","",""
"2718.1709:18",2718.170868,17.95758333,2,1500000,2700000,2100000,510000,290000,4e+05,1300000,"2.4",NA,"ADULT_red_1_25","ANN23938.1 three finger toxin 1 [Boiga irregularis]","7.31e-16","D.YSCPTAGPDERLKCCYYNKCNKY."
"8373.6505:53.3",8373.650513,53.328375,4,1600000,1900000,1800000,630000,830000,730000,1200000,"1.3",NA,"ADULT_red_2_720","pdb|2H7Z|A Chain A, Crystal Structure Of Irditoxin","2.45e-31",".(QA)[-17.01755]VGPPYTLCFECNRMTSSDCSTALRCYRGSCYTLYRPDENCELKWAVKGCAETCPTAGPNERVKCCRSPRCNDD."
"8373.6578:55.2",8373.657843,55.19308333,2,1500000,2700000,2100000,470000,240000,360000,1200000,"2.6",NA,"ADULT_red_2_720","pdb|2H7Z|A Chain A, Crystal Structure Of Irditoxin","2.45e-31",".(QA)[-17.01755]VGPPYTLCFECNRMTSSDCSTALRCYRGSCYTLYRPDENCELKWAVKGCAETCPTAGPNERVKCCRSPRCNDD."
"8247.6199:35.5",8247.619944,35.46429167,2,2800000,1500000,2200000,3e+05,160000,230000,1200000,"3.2",NA,"ADULT_red_2_441","pdb|2H7Z|A Chain A, Crystal Structure Of Irditoxin","1.15e-23",".QAVGPPYTLCFECNRMTSSD(CSTA)[-143.04802]LRCYRGSCYTLYRPDENCELKWAVKGCAETCPTAGPNERVKCCRSPRCNDD."
"564.0411:2.9",564.0410538,2.936783333,4,950000,890000,920000,1600000,1300000,1500000,1200000,"-0.7",NA,"","","",""
"8203.6563:53.2",8203.65625,53.20558333,2,55000,54000,55000,2300000,2300000,2300000,1200000,"-5.4",NA,"NEONATE_red_1_484","JAG68975.1 Three-finger toxin 8d [Boiga irregularis]_JAG68977.1 Three-finger toxin 8b [Boiga irregularis]_JAS04612.1 Three-finger toxin 8d [Boiga irregularis]_JAS04614.1 Three-finger toxin 8b [Boiga irregularis]","1.12e-25","G.(QAVGL)[-17.02597]PFTLCFECNRMTSSDCSTASRCYRGSCYTLYKRDGNGGEKWAVKGCAKTCPTAGPNERVKCCRSPRCNDD."
"534.2962:39.5",534.2962189,39.53016667,4,1500000,820000,1200000,1100000,1200000,1200000,1200000,"0.0",NA,"","","",""
"8203.6489:45.3",8203.648926,45.26866667,2,46000,48000,47000,2900000,1600000,2300000,1100000,"-5.6",NA,"NEONATE_red_1_484","JAG68975.1 Three-finger toxin 8d [Boiga irregularis]_JAG68977.1 Three-finger toxin 8b [Boiga irregularis]_JAS04612.1 Three-finger toxin 8d [Boiga irregularis]_JAS04614.1 Three-finger toxin 8b [Boiga irregularis]","1.12e-25","G.(QAVGL)[-17.02597]PFTLCFECNRMTSSDCSTASRCYRGSCYTLYKRDGNGGEKWAVKGCAKTCPTAGPNERVKCCRSPRCNDD."
"2276.8567:40",2276.856669,40.03879167,2,150000,36000,93000,2200000,2200000,2200000,1100000,"-4.6",NA,"","","",""
"8373.6575:42.8",8373.657532,42.84929167,2,550000,890000,720000,960000,2100000,1500000,1100000,"-1.1",NA,"ADULT_red_2_720","pdb|2H7Z|A Chain A, Crystal Structure Of Irditoxin","2.45e-31",".(QA)[-17.01755]VGPPYTLCFECNRMTSSDCSTALRCYRGSCYTLYRPDENCELKWAVKGCAETCPTAGPNERVKCCRSPRCNDD."
"569.0818:1.6",569.0817591,1.628079167,2,810000,1900000,1400000,1300000,410000,860000,1100000,"0.7",NA,"","","",""
"8366.6975:32.9",8366.69751,32.85891667,2,0,0,0,3700000,710000,2200000,1100000,"#ZAHL!",NA,"NEONATE_red_2_539","pdb|2H7Z|A Chain A, Crystal Structure Of Irditoxin","8.56e-07",".(QAVG)[-23.72935]PPYTLCFECNRMTSSDCSTALRCYRGSCYTLYRPDENCELKWAVKGCAETCPTAGPNERVKCCRSPRCNDD."
"1031.4814:22.1",1031.481432,22.05816667,2,770000,1700000,1200000,440000,1500000,970000,1100000,"0.3",NA,"","","",""
"8204.6669:44.7",8204.66687,44.68316667,2,48000,35000,42000,2700000,1500000,2100000,1100000,"-5.7",NA,"NEONATE_red_1_489","JAG68975.1 Three-finger toxin 8d [Boiga irregularis]_JAG68977.1 Three-finger toxin 8b [Boiga irregularis]_JAS04612.1 Three-finger toxin 8d [Boiga irregularis]_JAS04614.1 Three-finger toxin 8b [Boiga irregularis]","1.95e-22","Q.(AVG)[112.12140]LPFTLCFECNRMTSSDCSTASRCYRGSCYTLYKRDGNGGEKWAVKGCAKTCPTAGPNERVKCCRSPRCNDD."
"672.1158:1.2",672.1158346,1.221183333,2,1500000,1500000,1500000,1100000,160000,630000,1100000,"1.3",NA,"","","",""
"8204.6657:54.3",8204.66569,54.33891667,2,35000,33000,34000,1400000,2700000,2100000,1e+06,"-5.9",NA,"NEONATE_red_1_489","JAG68975.1 Three-finger toxin 8d [Boiga irregularis]_JAG68977.1 Three-finger toxin 8b [Boiga irregularis]_JAS04612.1 Three-finger toxin 8d [Boiga irregularis]_JAS04614.1 Three-finger toxin 8b [Boiga irregularis]","1.95e-22","Q.(AVG)[112.12140]LPFTLCFECNRMTSSDCSTASRCYRGSCYTLYKRDGNGGEKWAVKGCAKTCPTAGPNERVKCCRSPRCNDD."
"8247.6291:29.9",8247.629061,29.935,2,2e+06,1700000,1900000,250000,2e+05,230000,1e+06,"3.0",NA,"ADULT_red_2_441","pdb|2H7Z|A Chain A, Crystal Structure Of Irditoxin","1.15e-23",".QAVGPPYTLCFECNRMTSSD(CSTA)[-143.04802]LRCYRGSCYTLYRPDENCELKWAVKGCAETCPTAGPNERVKCCRSPRCNDD."
"742.3609:20.3",742.3608971,20.25608333,2,2500000,1300000,1900000,170000,37000,1e+05,1e+06,"4.2",NA,"","","",""
"8373.6467:54.7",8373.646729,54.68883333,4,1200000,1400000,1300000,580000,790000,690000,990000,"0.9",NA,"ADULT_red_2_720","pdb|2H7Z|A Chain A, Crystal Structure Of Irditoxin","2.45e-31",".(QA)[-17.01755]VGPPYTLCFECNRMTSSDCSTALRCYRGSCYTLYRPDENCELKWAVKGCAETCPTAGPNERVKCCRSPRCNDD."
"959.3511:15",959.3511457,15.02894167,2,1700000,1300000,1500000,460000,440000,450000,980000,"1.7",NA,"","","",""
"4163.7933:21.1",4163.793286,21.06183333,2,2200000,980000,1600000,170000,440000,310000,950000,"2.4",NA,"ADULT_red_1_38","ANN23938.1 three finger toxin 1 [Boiga irregularis]","1.52e-17","D.ENGEEKWAVKGCDYSCPTAGPDERLKCCYYNKCNKY."
"1053.4659:4.8",1053.465943,4.7647125,2,1800000,1100000,1500000,340000,470000,410000,930000,"1.8",NA,"","","",""
"8374.6576:54",8374.657552,53.96308333,2,1300000,1700000,1500000,530000,170000,350000,930000,"2.1",NA,"NEONATE_red_1_581","pdb|2H7Z|A Chain A, Crystal Structure Of Irditoxin","7.94e-28",".(QA)[-16.01291]VGPPYTLCFECNRMTSSDCSTALRCYRGSCYTLYRPDENCELKWAVKGCAETCPTAGPNERVKCCRSPRCNDD."
"8373.6467:45",8373.646744,44.98345833,2,930000,1700000,1300000,530000,410000,470000,890000,"1.5",NA,"ADULT_red_2_720","pdb|2H7Z|A Chain A, Crystal Structure Of Irditoxin","2.45e-31",".(QA)[-17.01755]VGPPYTLCFECNRMTSSDCSTALRCYRGSCYTLYRPDENCELKWAVKGCAETCPTAGPNERVKCCRSPRCNDD."
"8204.6678:53.7",8204.667847,53.726625,2,35000,33000,34000,1800000,1700000,1800000,890000,"-5.7",NA,"NEONATE_red_1_489","JAG68975.1 Three-finger toxin 8d [Boiga irregularis]_JAG68977.1 Three-finger toxin 8b [Boiga irregularis]_JAS04612.1 Three-finger toxin 8d [Boiga irregularis]_JAS04614.1 Three-finger toxin 8b [Boiga irregularis]","1.95e-22","Q.(AVG)[112.12140]LPFTLCFECNRMTSSDCSTASRCYRGSCYTLYKRDGNGGEKWAVKGCAKTCPTAGPNERVKCCRSPRCNDD."
"743.2572:4.3",743.2572174,4.250245833,4,790000,980000,890000,840000,880000,860000,870000,"0.0",NA,"","","",""
"8243.6048:32.9",8243.604818,32.86194444,2,220000,0,110000,840000,2400000,1600000,870000,"-3.9",NA,"ADULT_red_2_656","pdb|2H7Z|A Chain A, Crystal Structure Of Irditoxin","1.62e-06",".QAVGPPYTLCFECNRMTSS(DCSTALRCYRGSCYTLYRPDENCELKWAV)[-147.04646]KGCAETCPTAGPNERVKCCRSPRCNDD."
"8092.6325:29.9",8092.632487,29.87394444,2,0,40000,20000,2400000,1e+06,1700000,860000,"-6.4",NA,"NEONATE_red_2_434","JAG68975.1 Three-finger toxin 8d [Boiga irregularis]_JAG68977.1 Three-finger toxin 8b [Boiga irregularis]_JAS04612.1 Three-finger toxin 8d [Boiga irregularis]_JAS04614.1 Three-finger toxin 8b [Boiga irregularis]","3.6e-14","Q.AVGLPFTLCFECNRMTSSDCSTASRCYRGSCYTLYKRDGNGGEKWAVKGCAKTCPTAGPNERVKCCRSPRCNDD."
"8373.6552:29.7",8373.655151,29.70058333,2,1e+06,1500000,1300000,2e+05,720000,460000,860000,"1.4",NA,"ADULT_red_2_720","pdb|2H7Z|A Chain A, Crystal Structure Of Irditoxin","2.45e-31",".(QA)[-17.01755]VGPPYTLCFECNRMTSSDCSTALRCYRGSCYTLYRPDENCELKWAVKGCAETCPTAGPNERVKCCRSPRCNDD."
"6799.9996:22.6",6799.999634,22.60654167,2,770000,880000,830000,840000,920000,880000,850000,"-0.1",NA,"ADULT_red_2_78","ANN23940.1 three finger toxin 4 [Boiga irregularis]","8.92e-16","D.KCPQAKRCTGMRTMCYTLYKRDENGEEK(W)[1.01061]AVKGCDYSCPTAGPDERLKCCYYNKCNEY."
"962.0969:1",962.0968628,1.049025,2,1600000,1800000,1700000,0,0,0,850000,"#DIV/0!",NA,"","","",""
"9960.5568:28",9960.556763,27.98791667,2,1e+06,1100000,1100000,710000,580000,650000,850000,"0.7",NA,"ADULT_red_1_281","ANN23941.1 three finger toxin 5 [Boiga irregularis]","2.47e-37","A.NQQGRGRKPPLDLHSTYCFQCTPENH(WYKCPRAEKCTGIAN)[1.00881]KCYTLYKRDGNGEEKWAVKGCAYTCPTAGPDERVKCCFYNRCNEY."
"434.2144:18.9",434.2143517,18.86608333,4,1300000,1300000,1300000,330000,390000,360000,830000,"1.9",NA,"","","",""
"1468.5836:9.9",1468.58365,9.900895833,2,1900000,1100000,1500000,1e+05,110000,110000,8e+05,"3.8",NA,"","","",""
"591.9877:3.3",591.9877164,3.292425,2,440000,1e+06,720000,570000,1200000,890000,8e+05,"-0.3",NA,"","","",""
"2260.8889:40.1",2260.888862,40.10405556,2,39000,0,20000,2500000,660000,1600000,8e+05,"-6.3",NA,"","","",""
"8203.6582:48.8",8203.658244,48.80633333,2,25000,25000,25000,1700000,1400000,1600000,790000,"-6.0",NA,"NEONATE_red_1_484","JAG68975.1 Three-finger toxin 8d [Boiga irregularis]_JAG68977.1 Three-finger toxin 8b [Boiga irregularis]_JAS04612.1 Three-finger toxin 8d [Boiga irregularis]_JAS04614.1 Three-finger toxin 8b [Boiga irregularis]","1.12e-25","G.(QAVGL)[-17.02597]PFTLCFECNRMTSSDCSTASRCYRGSCYTLYKRDGNGGEKWAVKGCAKTCPTAGPNERVKCCRSPRCNDD."
"490.165:36.1",490.1650009,36.09970833,4,880000,1e+06,940000,270000,1e+06,640000,790000,"0.6",NA,"","","",""
"788.1294:3.4",788.1293564,3.362179167,4,840000,790000,820000,690000,820000,760000,790000,"0.1",NA,"","","",""
"8672.7548:32.1",8672.754761,32.08775,2,750000,1400000,1100000,460000,490000,480000,780000,"1.2",NA,"ADULT_red_2_369","pdb|2H7Z|B Chain B, Crystal Structure Of Irditoxin","3.46e-34",".QAKGPPYTLC(FEC)[-16.01507]NRETCSNCFKDNRCPPYHRTCYTLYRPDGNGEMKWAVKGCAKTCPTAQPGESVQCCNTPKCNDY."
"8203.6568:56.7",8203.656779,56.74445833,2,18000,50000,34000,1100000,1900000,1500000,770000,"-5.5",NA,"NEONATE_red_1_484","JAG68975.1 Three-finger toxin 8d [Boiga irregularis]_JAG68977.1 Three-finger toxin 8b [Boiga irregularis]_JAS04612.1 Three-finger toxin 8d [Boiga irregularis]_JAS04614.1 Three-finger toxin 8b [Boiga irregularis]","1.12e-25","G.(QAVGL)[-17.02597]PFTLCFECNRMTSSDCSTASRCYRGSCYTLYKRDGNGGEKWAVKGCAKTCPTAGPNERVKCCRSPRCNDD."
"8261.6814:35.2",8261.681396,35.19933333,2,0,0,0,2400000,650000,1500000,760000,"#ZAHL!",NA,"NEONATE_red_2_575","pdb|2H7Z|A Chain A, Crystal Structure Of Irditoxin","3.72e-20",".QAVGPPYTLCFECNRMTSSDC(STALRCYRGSCYTLYRPDENCE)[-128.98634]LKWAVKGCAETCPTAGPNERVKCCRSPRCNDD."
"572.3287:4.2",572.3286537,4.243266667,2,180000,340000,260000,680000,1800000,1200000,750000,"-2.3",NA,"","","",""
"8203.6594:52.8",8203.659424,52.758625,2,54000,54000,54000,1700000,1100000,1400000,730000,"-4.7",NA,"NEONATE_red_1_484","JAG68975.1 Three-finger toxin 8d [Boiga irregularis]_JAG68977.1 Three-finger toxin 8b [Boiga irregularis]_JAS04612.1 Three-finger toxin 8d [Boiga irregularis]_JAS04614.1 Three-finger toxin 8b [Boiga irregularis]","1.12e-25","G.(QAVGL)[-17.02597]PFTLCFECNRMTSSDCSTASRCYRGSCYTLYKRDGNGGEKWAVKGCAKTCPTAGPNERVKCCRSPRCNDD."
"432.2011:16.2",432.2011141,16.1771875,2,35000,160000,98000,1500000,1200000,1400000,720000,"-3.8",NA,"","","",""
"8373.6541:48.9",8373.654053,48.86245833,2,980000,1300000,1100000,190000,420000,310000,720000,"1.9",NA,"ADULT_red_2_720","pdb|2H7Z|A Chain A, Crystal Structure Of Irditoxin","2.45e-31",".(QA)[-17.01755]VGPPYTLCFECNRMTSSDCSTALRCYRGSCYTLYRPDENCELKWAVKGCAETCPTAGPNERVKCCRSPRCNDD."
"8204.6626:56.8",8204.662567,56.80633333,2,20000,34000,27000,9e+05,1900000,1400000,710000,"-5.7",NA,"NEONATE_red_1_489","JAG68975.1 Three-finger toxin 8d [Boiga irregularis]_JAG68977.1 Three-finger toxin 8b [Boiga irregularis]_JAS04612.1 Three-finger toxin 8d [Boiga irregularis]_JAS04614.1 Three-finger toxin 8b [Boiga irregularis]","1.95e-22","Q.(AVG)[112.12140]LPFTLCFECNRMTSSDCSTASRCYRGSCYTLYKRDGNGGEKWAVKGCAKTCPTAGPNERVKCCRSPRCNDD."
"8671.7583:31.3",8671.758301,31.34725,2,790000,1400000,1100000,420000,240000,330000,710000,"1.7",NA,"ADULT_red_2_343","pdb|2H7Z|B Chain B, Crystal Structure Of Irditoxin","1.56e-35",".(QA)[-17.01463]KGPPYTLCFECNRETCSNCFKDNRCPPYHRTCYTLYRPDGNGEMKWAVKGCAKTCPTAQPGESVQCCNTPKCNDY."
"1936.8765:30.9",1936.876457,30.92227778,2,9e+05,1400000,1200000,0,540000,270000,710000,"2.1",NA,"","","",""
"8247.6207:38.2",8247.620692,38.18658333,2,6e+05,2e+06,1300000,83000,130000,110000,7e+05,"3.6",NA,"ADULT_red_2_441","pdb|2H7Z|A Chain A, Crystal Structure Of Irditoxin","1.15e-23",".QAVGPPYTLCFECNRMTSSD(CSTA)[-143.04802]LRCYRGSCYTLYRPDENCELKWAVKGCAETCPTAGPNERVKCCRSPRCNDD."
"8260.6716:35.3",8260.671631,35.26558333,2,0,0,0,1600000,1200000,1400000,7e+05,"#ZAHL!",NA,"NEONATE_red_1_563","JAG69004.1 Three-finger toxin 2e [Boiga irregularis]_JAS04641.1 Three-finger toxin 2e [Boiga irregularis]","1.73e-16","G.QAVGLPFTLCFECNRMTSSDCSTASRC(YRGSCYTLYRPDENCE)[-103.97257]LKWAVKGCAETCPTAGPNERVKCCRSPRCNDD."
"8247.6205:36.3",8247.620453,36.32445833,2,990000,1400000,1200000,240000,170000,210000,7e+05,"2.5",NA,"ADULT_red_2_441","pdb|2H7Z|A Chain A, Crystal Structure Of Irditoxin","1.15e-23",".QAVGPPYTLCFECNRMTSSD(CSTA)[-143.04802]LRCYRGSCYTLYRPDENCELKWAVKGCAETCPTAGPNERVKCCRSPRCNDD."
"8204.6627:55.1",8204.66272,55.12020833,2,38000,54000,46000,1200000,1400000,1300000,670000,"-4.8",NA,"NEONATE_red_1_489","JAG68975.1 Three-finger toxin 8d [Boiga irregularis]_JAG68977.1 Three-finger toxin 8b [Boiga irregularis]_JAS04612.1 Three-finger toxin 8d [Boiga irregularis]_JAS04614.1 Three-finger toxin 8b [Boiga irregularis]","1.95e-22","Q.(AVG)[112.12140]LPFTLCFECNRMTSSDCSTASRCYRGSCYTLYKRDGNGGEKWAVKGCAKTCPTAGPNERVKCCRSPRCNDD."
"539.0715:3.3",539.0715383,3.336758333,2,970000,640000,810000,360000,7e+05,530000,670000,"0.6",NA,"","","",""
"9977.5496:27.6",9977.549642,27.59975,2,1700000,770000,1200000,79000,70000,75000,650000,"4.1",NA,"NEONATE_red_2_143","ANN23940.1 three finger toxin 4 [Boiga irregularis]","1.21e-28","N.QQGRG(RKPPL)[-17.00561]DLHSRYCFQCTPENRLDKCPQAKRCTGMRTMCYTLYKRDENGEEKWAVKGCDYSCPTAGPDERLKCCYYNKCNEY."
"8247.6173:36.8",8247.61731,36.83820833,2,1100000,1200000,1200000,98000,190000,140000,650000,"3.0",NA,"ADULT_red_2_441","pdb|2H7Z|A Chain A, Crystal Structure Of Irditoxin","1.15e-23",".QAVGPPYTLCFECNRMTSSD(CSTA)[-143.04802]LRCYRGSCYTLYRPDENCELKWAVKGCAETCPTAGPNERVKCCRSPRCNDD."
"606.0251:1.6",606.0250829,1.612116667,2,640000,960000,8e+05,220000,720000,470000,640000,"0.8",NA,"","","",""
"831.2346:59.7",831.2346489,59.69791667,2,310000,170000,240000,950000,990000,970000,610000,"-2.0",NA,"","","",""
"8204.6763:49.8",8204.67631,49.76933333,2,26000,27000,27000,1e+06,1300000,1200000,590000,"-5.4",NA,"NEONATE_red_1_489","JAG68975.1 Three-finger toxin 8d [Boiga irregularis]_JAG68977.1 Three-finger toxin 8b [Boiga irregularis]_JAS04612.1 Three-finger toxin 8d [Boiga irregularis]_JAS04614.1 Three-finger toxin 8b [Boiga irregularis]","1.95e-22","Q.(AVG)[112.12140]LPFTLCFECNRMTSSDCSTASRCYRGSCYTLYKRDGNGGEKWAVKGCAKTCPTAGPNERVKCCRSPRCNDD."
"8373.6555:50.4",8373.655477,50.38966667,2,990000,1100000,1e+06,1e+05,130000,120000,580000,"3.2",NA,"ADULT_red_2_720","pdb|2H7Z|A Chain A, Crystal Structure Of Irditoxin","2.45e-31",".(QA)[-17.01755]VGPPYTLCFECNRMTSSDCSTALRCYRGSCYTLYRPDENCELKWAVKGCAETCPTAGPNERVKCCRSPRCNDD."
"8204.6719:47.6",8204.671875,47.59358333,2,0,0,0,880000,1200000,1e+06,520000,"#ZAHL!",NA,"NEONATE_red_1_489","JAG68975.1 Three-finger toxin 8d [Boiga irregularis]_JAG68977.1 Three-finger toxin 8b [Boiga irregularis]_JAS04612.1 Three-finger toxin 8d [Boiga irregularis]_JAS04614.1 Three-finger toxin 8b [Boiga irregularis]","1.95e-22","Q.(AVG)[112.12140]LPFTLCFECNRMTSSDCSTASRCYRGSCYTLYKRDGNGGEKWAVKGCAKTCPTAGPNERVKCCRSPRCNDD."
"9828.472:30.2",9828.472005,30.21654167,2,920000,1100000,1e+06,20000,18000,19000,510000,"5.7",NA,"ADULT_red_2_315","ANN23941.1 three finger toxin 5 [Boiga irregularis]","2.14e-41","G.S(ANQQGRGR)[-289.13073]KPPLDLHSTYCFQCTPENHWYKCPRAEKCTGIANKCYTLYKRDGNGEEKWAVKGCAYTCPTAGPDERVKCCFYNRCNEY."
"8203.659:56.1",8203.658966,56.13875,2,54000,50000,52000,1100000,850000,980000,510000,"-4.2",NA,"NEONATE_red_1_484","JAG68975.1 Three-finger toxin 8d [Boiga irregularis]_JAG68977.1 Three-finger toxin 8b [Boiga irregularis]_JAS04612.1 Three-finger toxin 8d [Boiga irregularis]_JAS04614.1 Three-finger toxin 8b [Boiga irregularis]","1.12e-25","G.(QAVGL)[-17.02597]PFTLCFECNRMTSSDCSTASRCYRGSCYTLYKRDGNGGEKWAVKGCAKTCPTAGPNERVKCCRSPRCNDD."
"8671.7633:33.2",8671.763346,33.230375,2,630000,880000,760000,3e+05,230000,270000,510000,"1.5",NA,"ADULT_red_2_343","pdb|2H7Z|B Chain B, Crystal Structure Of Irditoxin","1.56e-35",".(QA)[-17.01463]KGPPYTLCFECNRETCSNCFKDNRCPPYHRTCYTLYRPDGNGEMKWAVKGCAKTCPTAQPGESVQCCNTPKCNDY."
"8204.6555:52",8204.655518,52.007,2,0,0,0,9e+05,1100000,1e+06,5e+05,"#ZAHL!",NA,"NEONATE_red_1_489","JAG68975.1 Three-finger toxin 8d [Boiga irregularis]_JAG68977.1 Three-finger toxin 8b [Boiga irregularis]_JAS04612.1 Three-finger toxin 8d [Boiga irregularis]_JAS04614.1 Three-finger toxin 8b [Boiga irregularis]","1.95e-22","Q.(AVG)[112.12140]LPFTLCFECNRMTSSDCSTASRCYRGSCYTLYKRDGNGGEKWAVKGCAKTCPTAGPNERVKCCRSPRCNDD."
"9829.481:29.9",9829.480957,29.87045833,2,890000,930000,910000,15000,45000,30000,470000,"4.9",NA,"NEONATE_red_1_277","ANN23941.1 three finger toxin 5 [Boiga irregularis]","4.56e-26","Q.QG(RGRKPPLD)[112.05176]LHSTYCFQCTPENHWYKCPRAEKCTGIANKCYTLYKRDGNGEEKWAVKGCAYTCPTAGPDERVKCCFYNRCNEY."
"8203.6664:58.7",8203.666423,58.68195833,2,14000,23000,19000,940000,850000,9e+05,460000,"-5.6",NA,"NEONATE_red_1_484","JAG68975.1 Three-finger toxin 8d [Boiga irregularis]_JAG68977.1 Three-finger toxin 8b [Boiga irregularis]_JAS04612.1 Three-finger toxin 8d [Boiga irregularis]_JAS04614.1 Three-finger toxin 8b [Boiga irregularis]","1.12e-25","G.(QAVGL)[-17.02597]PFTLCFECNRMTSSDCSTASRCYRGSCYTLYKRDGNGGEKWAVKGCAKTCPTAGPNERVKCCRSPRCNDD."
"3807.7138:13.4",3807.713762,13.35276667,2,34000,68000,51000,810000,910000,860000,460000,"-4.1",NA,"ADULT_red_1_5","JAG68982.1 Three-finger toxin 7a [Boiga irregularis]_JAS04619.1 Three-finger toxin 7a [Boiga irregularis]","9.33e-13","R.L(GEK)[115.00552]WAVKGCAETCPTAGPNERVKCCRSPRCNDD."
"8203.6587:58.4",8203.658691,58.40408333,2,14000,23000,19000,660000,1e+06,830000,420000,"-5.5",NA,"NEONATE_red_1_484","JAG68975.1 Three-finger toxin 8d [Boiga irregularis]_JAG68977.1 Three-finger toxin 8b [Boiga irregularis]_JAS04612.1 Three-finger toxin 8d [Boiga irregularis]_JAS04614.1 Three-finger toxin 8b [Boiga irregularis]","1.12e-25","G.(QAVGL)[-17.02597]PFTLCFECNRMTSSDCSTASRCYRGSCYTLYKRDGNGGEKWAVKGCAKTCPTAGPNERVKCCRSPRCNDD."
"8247.6254:39.9",8247.625422,39.87625,2,730000,740000,740000,77000,140000,110000,420000,"2.8",NA,"ADULT_red_2_441","pdb|2H7Z|A Chain A, Crystal Structure Of Irditoxin","1.15e-23",".QAVGPPYTLCFECNRMTSSD(CSTA)[-143.04802]LRCYRGSCYTLYRPDENCELKWAVKGCAETCPTAGPNERVKCCRSPRCNDD."
"8203.6504:52",8203.650391,52.007,2,0,0,0,890000,770000,830000,420000,"#ZAHL!",NA,"NEONATE_red_1_484","JAG68975.1 Three-finger toxin 8d [Boiga irregularis]_JAG68977.1 Three-finger toxin 8b [Boiga irregularis]_JAS04612.1 Three-finger toxin 8d [Boiga irregularis]_JAS04614.1 Three-finger toxin 8b [Boiga irregularis]","1.12e-25","G.(QAVGL)[-17.02597]PFTLCFECNRMTSSDCSTASRCYRGSCYTLYKRDGNGGEKWAVKGCAKTCPTAGPNERVKCCRSPRCNDD."
"9829.4773:29",9829.477254,29.006,2,610000,920000,770000,16000,90000,53000,410000,"3.9",NA,"NEONATE_red_1_277","ANN23941.1 three finger toxin 5 [Boiga irregularis]","4.56e-26","Q.QG(RGRKPPLD)[112.05176]LHSTYCFQCTPENHWYKCPRAEKCTGIANKCYTLYKRDGNGEEKWAVKGCAYTCPTAGPDERVKCCFYNRCNEY."
"2238.9383:35.7",2238.938293,35.74775,2,0,0,0,530000,1100000,820000,410000,"#ZAHL!",NA,"","","",""
"8247.6243:41.1",8247.624288,41.14079167,2,610000,720000,670000,61000,180000,120000,390000,"2.5",NA,"ADULT_red_2_441","pdb|2H7Z|A Chain A, Crystal Structure Of Irditoxin","1.15e-23",".QAVGPPYTLCFECNRMTSSD(CSTA)[-143.04802]LRCYRGSCYTLYRPDENCELKWAVKGCAETCPTAGPNERVKCCRSPRCNDD."
"1255.6414:5.2",1255.64136,5.1604625,2,990000,350000,670000,93000,96000,95000,380000,"2.8",NA,"","","",""
"8672.7736:35.3",8672.77356,35.33666667,2,450000,450000,450000,130000,420000,280000,360000,"0.7",NA,"ADULT_red_2_369","pdb|2H7Z|B Chain B, Crystal Structure Of Irditoxin","3.46e-34",".QAKGPPYTLC(FEC)[-16.01507]NRETCSNCFKDNRCPPYHRTCYTLYRPDGNGEMKWAVKGCAKTCPTAQPGESVQCCNTPKCNDY."
"8373.6521:58.7",8373.6521,58.73283333,2,560000,570000,570000,96000,96000,96000,330000,"2.6",NA,"ADULT_red_2_720","pdb|2H7Z|A Chain A, Crystal Structure Of Irditoxin","2.45e-31",".(QA)[-17.01755]VGPPYTLCFECNRMTSSDCSTALRCYRGSCYTLYRPDENCELKWAVKGCAETCPTAGPNERVKCCRSPRCNDD."
"609.1778:56.1",609.1778259,56.10916667,2,0,0,0,360000,910000,640000,320000,"#ZAHL!",NA,"","","",""
"9829.4811:30.9",9829.48112,30.90822222,2,670000,540000,610000,0,42000,21000,310000,"4.8",NA,"NEONATE_red_1_277","ANN23941.1 three finger toxin 5 [Boiga irregularis]","4.56e-26","Q.QG(RGRKPPLD)[112.05176]LHSTYCFQCTPENHWYKCPRAEKCTGIANKCYTLYKRDGNGEEKWAVKGCAYTCPTAGPDERVKCCFYNRCNEY."
"883.4291:14.7",883.4290799,14.70896667,2,230000,620000,430000,47000,49000,48000,240000,"3.1",NA,"","","",""
